Ticker,Date,Title,Description,Source
AAPL,2026-04-13,Alphabet Stock Dips in Pre-Market as AI Spending and Antitrust Pressures Weigh on GOOG,"NEW YORK — Alphabet Inc. Class C shares closed Friday at $315.72, unchanged on the day, but slipped in pre-market trading Monday to around $313.60, down about 0.67%, as investors weighed heavy capital spending on artificial intelligence infrastructure against…",Ibtimes.com.au
AAPL,2026-04-13,Apple’s Head of AI John Giannandrea Leaves Company This Week,"Apple's former head of AI, John Giannandrea, is set to leave the company this week following his retirement announcement last year.
The post Apple’s Head of AI John Giannandrea Leaves Company This Week first appeared on iPhone in Canada.",iPhone in Canada
AAPL,2026-04-13,Former AI boss John Giannandrea officially leaving Apple this week after ‘resting and vesting’,"John Giannandrea’s time at Apple is officially coming to an end this week. Giannandrea joined Apple in 2018 after eight years at Google to head the company’s machine learning and AI strategy.



In December of last year, however, Apple announced that Giannand…",9to5Mac
AAPL,2026-04-13,Apple's AI Chief John Giannandrea Departs This Week,"John Giannandrea, Apple's former head of artificial intelligence, is set to leave the company this week as his final stock vesting date approaches.





In his ""Power On"" newsletter, Mark Gurman noted that Giannandrea's exit has been a prolonged one. Apple mo…",MacRumors
AAPL,2026-04-13,WeWork’s latest comeback bet fits inside a phone booth,Also: All the news and watercooler chat from Fortune.,Fortune
AAPL,2026-04-13,Why Apple pulled high-end Mac mini and Mac Studio models from sale - Cult of Mac,"Why Apple pulled high-end Mac mini and Mac Studio models from saleCult of Mac Several Mac mini and Mac Studio configs are now completely out of stock at Apple9to5Mac Thanks, AI: global RAM shortage means my favorite Mac ever is getting harder to findTechRadar…",Slashdot.org
AAPL,2026-04-13,"Zoonova AI Launches Alpha AI, Bringing Quant-Driven Analytics to Everyday Investors","SALT LAKE CITY, April 13, 2026 (GLOBE NEWSWIRE) -- Zoonova AI today announced the launch of Alpha AI, a new investing platform designed to make advanced market intelligence more accessible through a natural-language AI Command Center.",GlobeNewswire
AAPL,2026-04-13,The fiber powerhouse: Top fruits to boost your health naturally,"Strawberries and other fiber-rich fruits (like blueberries, raspberries and blackberries) act as powerful detoxifiers, absorbing and removing toxins from the body, even when blended. The FDA, CDC and WHO prioritize profit over health, suppressing natural reme…",Naturalnews.com
AAPL,2026-04-13,TSMC likely to book fourth straight quarter of record profit on insatiable AI demand,"On Thursday, ​TSMC is expected to report a net profit of $17.1 billion for the quarter, according to an LSEG SmartEstimate compiled from 19 analysts. The war in the Middle East threatens to disrupt the supply of production materials for semiconductors such as…",The Times of India
AAPL,2026-04-13,TSMC likely to book fourth straight quarter of record profit on insatiable AI demand,"Any profit result ‌above T$505.7 billion would mark the
company's highest-ever quarterly net income ​and its ninth
consecutive quarter of profit growth",BusinessLine
AAPL,2026-04-13,"The Initial Inventory For The $599 MacBook Neo Has Run Out, Forcing Apple To Place Rush Orders","Apple's MacBook Neo appears to be heading towards an unqualified success, judging from the size of the rush orders that Apple is now reportedly placing with its suppliers to meet oncoming demand. Apple placing rush orders with its suppliers as the demand for …",Wccftech
AAPL,2026-04-13,AI Updates for the Week of 4/12/26,"Updates Below are some of the highlights in AI, robotics, and machine learning for this past week. 4/12 4/11 4/10 4/9 4/8 4/7 4/6 Learn More You can get more details as well as citations in my AI Timeline. Learn how to take advantage of its filters here. Imag…",Annielytics.com
AAPL,2026-04-12,Numbers 15.2,"Create gorgeous spreadsheets with Numbers on iPhone, iPad and Mac. Get started with Apple-designed templates for everything from a home budget to an invoice. Add tables, charts, text, and images anywhere on the flexible canvas. Animate your data with interact…",Rlsbb.to
AAPL,2026-04-12,Show HN: Interactive Simulator of Government Spending vs. Economic Growth,Interactive simulator that challenges traditional Armey Curve theory. Compare quadratic models vs real-world data. Discover why power law models better explain government spending and economic growth.,Github.io
AAPL,2026-04-12,"Apple Watch Series 11 Smartwatch: GPS + Cellular from $399, GPS from $299 + Free S&H","Best Buy has Apple Watch Series 11 Smartwatches (Various) on sale from $299. Shipping is free for My Best Buy Members (free to join) or select free store pickup where stock permits.

Thanks to Deal",Slickdeals.net
AAPL,2026-04-12,Mac mini and Mac Studio go out of stock – is it the RAM crisis or an M5 refresh?,"In short: Several high-RAM Mac mini and Mac Studio configurations disappeared from Apple’s online store in the US on 11 April 2026, listed as “currently unavailable” with no delivery estimate and no option to order. The affected models are Mac mini configurat…",The Next Web
AAPL,2026-04-12,"The Asus ROG Kithara embraces hi-fi and makes for a powerful, precise planar-magnetic gaming headset","Asus and HiFiMan combine to make an excellent wired audiophile gaming headset in the ROG Kithara, though a few missing features and a complex cable system hold it back.",TechRadar
AAPL,2026-04-12,Magnificent 7 stocks are splitting again: Chart of the Day,The stock market’s latest rally is reviving a familiar trade — but not all of the Magnificent Seven are coming along for the ride.,Yahoo Entertainment
AAPL,2026-04-12,‘The Audacity’ Review: Billy Magnussen Boosts AMC’s Flawed Tech Industry Satire,"Sarah Goldberg, Zach Galifianakis and more elevate a show that’s rich in character study but misses the mark reflecting the world in which it’s set
The post ‘The Audacity’ Review: Billy Magnussen Boosts AMC’s Flawed Tech Industry Satire appeared first on TheW…",TheWrap
MSFT,2026-04-13,Alphabet Stock Dips in Pre-Market as AI Spending and Antitrust Pressures Weigh on GOOG,"NEW YORK — Alphabet Inc. Class C shares closed Friday at $315.72, unchanged on the day, but slipped in pre-market trading Monday to around $313.60, down about 0.67%, as investors weighed heavy capital spending on artificial intelligence infrastructure against…",Ibtimes.com.au
MSFT,2026-04-13,Former AI boss John Giannandrea officially leaving Apple this week after ‘resting and vesting’,"John Giannandrea’s time at Apple is officially coming to an end this week. Giannandrea joined Apple in 2018 after eight years at Google to head the company’s machine learning and AI strategy.



In December of last year, however, Apple announced that Giannand…",9to5Mac
MSFT,2026-04-13,Saudi Arabia's East-West Pipeline Back at Full Steam After Iran Disruptions,"Saudi Arabia announced on Sunday that its East-West pipeline has been fully restored to its peak throughput of roughly 7 million barrels daily, following...",Yahoo Entertainment
MSFT,2026-04-13,"Singapore retail investors make bets on dips and rallies amid Iran war, data shows",They are piling into tech firms and retreating from discretionary stocks as Middle East tensions simmer. Read more at straitstimes.com. Read more at straitstimes.com.,The Straits Times
MSFT,2026-04-13,"If your 2025 taxes are complicated, use this H&R Tax software for state and federal for $35","Macworld







TL;DR: Right now, it’s only $35 to get H&R Block Tax Software Deluxe for your 2025 State and Federal Return.




Tax software is a lot easier to appreciate when your return starts getting more complicated. H&R Block Tax Software Deluxe + Sta…",Macworld
MSFT,2026-04-13,Chinese AI startup StepFun to unwind offshore structure to pave way for IPO,"Shanghai-based StepFun, which develops general-purpose foundation models, has decided an onshore corporate structure would be more appropriate as it is heavily backed ​by state capital.Founded in April ​2023 by former Microsoft Vice President Jiang Daxin, Ste…",The Times of India
MSFT,2026-04-13,AI Updates for the Week of 4/12/26,"Updates Below are some of the highlights in AI, robotics, and machine learning for this past week. 4/12 4/11 4/10 4/9 4/8 4/7 4/6 Learn More You can get more details as well as citations in my AI Timeline. Learn how to take advantage of its filters here. Imag…",Annielytics.com
MSFT,2026-04-12,How Novo Nordisk (NVO) Is Expanding Its Dominance in Obesity Care,How Novo Nordisk (NVO) Is Expanding Its Dominance in Obesity Careinsidermonkey.com,Insidermonkey.com
MSFT,2026-04-12,Rosenblatt Upgrades Arista Networks (ANET) Stock to Buy from Neutral,"Arista Networks, Inc. (NYSE:ANET) is one of the Best Long Term Growth Stocks to Invest In According to Billionaires. On April 7, Rosenblatt upgraded the...",Yahoo Entertainment
MSFT,2026-04-12,Goldman Sachs Maintains Bullish Stance on Microsoft (MSFT) Stock,"Microsoft Corporation (NASDAQ:MSFT) is one of the Best Long Term Growth Stocks to Invest In According to Billionaires. On April 6, Goldman Sachs analyst...",Yahoo Entertainment
MSFT,2026-04-12,Numbers 15.2,"Create gorgeous spreadsheets with Numbers on iPhone, iPad and Mac. Get started with Apple-designed templates for everything from a home budget to an invoice. Add tables, charts, text, and images anywhere on the flexible canvas. Animate your data with interact…",Rlsbb.to
MSFT,2026-04-12,Magnificent 7 stocks are splitting again: Chart of the Day,The stock market’s latest rally is reviving a familiar trade — but not all of the Magnificent Seven are coming along for the ride.,Yahoo Entertainment
MSFT,2026-04-12,"Asymco Bulletin 008 – Apr 12, 2026","Asymco Bulletin is a digest of all the work we have published for the week ending Apr 12, 2026. Research Can a company outlive its founder? Microsoft at 51, Apple at 50 and The Auteur Theory of Business Much more was said of Jobs’ departure signaling the end …",Asymco.com
MSFT,2026-04-12,Microsoft’s Copilot Problem Isn’t What You Think,"AI expectations are outpacing reality, but the sell-off may be creating a compelling value opportunity in a dominant platform business",MarketBeat
MSFT,2026-04-12,Applied Optoelectronics Stock 2026: Buy the AI Optics Surge or Sell Before the Pullback?,"SUGAR LAND, Texas — Applied Optoelectronics Inc. (NASDAQ: AAOI) has emerged as one of the hottest — and most volatile — plays in the artificial intelligence data center boom of 2026, with shares surging more than 1,140% over the past year to trade around $150…",Ibtimes.com.au
MSFT,2026-04-12,Artificial general intelligence and the future of surgery,"It is no secret that the hyperscalers (e.g., Google Cloud, Amazon AWS, etc.) and the frontier AI labs (e.g., OpenAI, Anthropic, DeepMind) are devoting extraordinary attention, time, and capital to the AI buildout. The big four (Amazon, Google, Microsoft, Meta…",Kevinmd.com
MSFT,2026-04-12,Michael Burry is still betting against Palantir even after Trump's 'warfighting' praise. AI bubble ready to pop?,"Veteran investor Michael Burry remains bearish on Palantir Technologies, citing high valuations and AI bubble risks. While optimism persists around artificial intelligence, experts warn uncertainty over profitability and infrastructure spending could challeng…",The Times of India
MSFT,2026-04-12,Buy or Sell Amazon Stock in 2026? Latest Analyst Targets Point to 20-50% Gains From AI Investments,"SEATTLE — As Amazon.com Inc. navigates a pivotal year for its cloud-computing powerhouse and e-commerce empire, Wall Street is overwhelmingly bullish on the stock heading into the rest of 2026, with average price targets suggesting 20% upside from current lev…",Ibtimes.com.au
MSFT,2026-04-12,NVIDIA Stock 2026: Buy or Sell NVDA as AI Demand and Blackwell Ramp Fuel Strong Buy Consensus,"NEW YORK — NVIDIA Corp. (NASDAQ: NVDA) shares closed at approximately $188.63 on April 10, 2026, with Wall Street analysts maintaining a strong consensus ""Buy"" or ""Strong Buy"" rating as the company rides explosive demand for its AI GPUs, particularly the Blac…",Ibtimes.com.au
MSFT,2026-04-12,Alphabet Stock 2026: Buy or Sell GOOGL as AI Momentum and $180B CapEx Bet Collide Ahead of Q1 Earnings,"NEW YORK — Alphabet Inc. (NASDAQ: GOOGL) shares traded around $317 as of April 10, 2026, with Wall Street maintaining a strong consensus ""Buy"" or ""Moderate Buy"" rating amid robust AI-driven growth in Google Cloud and Search, even as the company prepares for s…",Ibtimes.com.au
NVDA,2026-04-13,"Retire on $100,000 a Year Without Ever Selling a Single Share","A $100,000 annual income is the target millions of Americans aim for in retirement: enough to cover housing, healthcare, travel, and comfort without touching...",24/7 Wall St.
NVDA,2026-04-13,Ninepoint Partners Launching Expanded Suite of Single-Stock ETFs,"New TSX listings include leveraged ETFs on NVIDIA, Tesla and Celestica, plus leveraged and non-leveraged ETFs for Constellation Software TORONTO, April 13, 2026 (GLOBE NEWSWIRE) — Ninepoint Partners LP, one of Canada’s leading independent investment managers,…",Financial Post
NVDA,2026-04-13,A $1.3 Trillion Reason to Buy Nvidia Stock Here,,Yahoo Entertainment
NVDA,2026-04-13,China went from uninvestable to unavoidable—and Hong Kong is cashing in with a slew of AI-centric IPOs,The boom in initial public offerings is boosting the city’s stature among the world’s exchanges.,Fortune
NVDA,2026-04-13,Tens of billions in days: CoreWeave shows how aggressively AI infrastructure is being funded,A landmark week for CoreWeave's capital structure reveals the aggressive financing strategies powering the AI infrastructure race.,Fortune
NVDA,2026-04-13,The Man Who Built NVIDIA (with Stephen Witt),"He arrived in America as a child with no English. He was mistakenly sent to a school for juvenile delinquents. He faced rampant prejudice–yet Jensen Huang, the under-the-radar CEO of NVIDIA, became a catalyzing figure behind the AI revolution and built the mo…",Econtalk.org
NVDA,2026-04-13,Saudi Arabia's East-West Pipeline Back at Full Steam After Iran Disruptions,"Saudi Arabia announced on Sunday that its East-West pipeline has been fully restored to its peak throughput of roughly 7 million barrels daily, following...",Yahoo Entertainment
NVDA,2026-04-13,"Singapore retail investors make bets on dips and rallies amid Iran war, data shows",They are piling into tech firms and retreating from discretionary stocks as Middle East tensions simmer. Read more at straitstimes.com. Read more at straitstimes.com.,The Straits Times
NVDA,2026-04-13,TSMC likely to book fourth straight quarter of record profit on insatiable AI demand,"On Thursday, ​TSMC is expected to report a net profit of $17.1 billion for the quarter, according to an LSEG SmartEstimate compiled from 19 analysts. The war in the Middle East threatens to disrupt the supply of production materials for semiconductors such as…",The Times of India
NVDA,2026-04-13,TSMC likely to book fourth straight quarter of record profit on insatiable AI demand,"Any profit result ‌above T$505.7 billion would mark the
company's highest-ever quarterly net income ​and its ninth
consecutive quarter of profit growth",BusinessLine
NVDA,2026-04-13,AI Updates for the Week of 4/12/26,"Updates Below are some of the highlights in AI, robotics, and machine learning for this past week. 4/12 4/11 4/10 4/9 4/8 4/7 4/6 Learn More You can get more details as well as citations in my AI Timeline. Learn how to take advantage of its filters here. Imag…",Annielytics.com
NVDA,2026-04-13,"Large AI firms hoovering maximum funding, not enough for smaller startups: Y Combinator’s Ankit Gupta","YC Startup School: India’s talent pool across colleges and universities are key for building next-gen startups, which is what YC is looking to tap into. It wants to target entrepreneurs building for global markets, focussed on fintech, consumer, B2B, and ecom…",The Times of India
NVDA,2026-04-12,How Novo Nordisk (NVO) Is Expanding Its Dominance in Obesity Care,How Novo Nordisk (NVO) Is Expanding Its Dominance in Obesity Careinsidermonkey.com,Insidermonkey.com
NVDA,2026-04-12,Mac mini and Mac Studio go out of stock – is it the RAM crisis or an M5 refresh?,"In short: Several high-RAM Mac mini and Mac Studio configurations disappeared from Apple’s online store in the US on 11 April 2026, listed as “currently unavailable” with no delivery estimate and no option to order. The affected models are Mac mini configurat…",The Next Web
NVDA,2026-04-12,"YC Startup School: Seed-stage capital in AI not enough, large companies amassing disproportionate funding, says general partner Ankit Gupta","India’s talent pool across colleges and universities are key for building next-gen startups, which is what YC is looking to tap into. It wants to target entrepreneurs building for global markets, focussed on fintech, consumer, B2B, and ecommerce, among others.",The Times of India
NVDA,2026-04-12,Magnificent 7 stocks are splitting again: Chart of the Day,The stock market’s latest rally is reviving a familiar trade — but not all of the Magnificent Seven are coming along for the ride.,Yahoo Entertainment
NVDA,2026-04-12,Wall Street strategists say it's time to 'jump in' with tech stocks amid Iran ceasefire,"While geopolitical tensions keep the market on edge, some experts see a rare opening in hammered tech names.",Yahoo Entertainment
NVDA,2026-04-12,Artificial general intelligence and the future of surgery,"It is no secret that the hyperscalers (e.g., Google Cloud, Amazon AWS, etc.) and the frontier AI labs (e.g., OpenAI, Anthropic, DeepMind) are devoting extraordinary attention, time, and capital to the AI buildout. The big four (Amazon, Google, Microsoft, Meta…",Kevinmd.com
NVDA,2026-04-12,Russell 2000 Tracking for New Highs: What’s Next for ETF Traders?,"The Russell 2000 and ETFs that track it are on track to hit all-time highs soon, then extend the rallies through year-end as activity accelerates.",MarketBeat
TSLA,2026-04-13,$WLFC Investigation Reminder: Willis Lease Finance Shareholders are Reminded to Contact BFA Law after Board Investigated Over Executive Compensation,"NEW YORK, April 13, 2026 (GLOBE NEWSWIRE) -- Leading securities law firm Bleichmar Fonti & Auld LLP announces an investigation into Willis Lease Finance Corporation’s (NASDAQ: WLFC) board of directors as well as executive chairman Charles F",Associated Press
TSLA,2026-04-13,Ninepoint Partners Launching Expanded Suite of Single-Stock ETFs,"New TSX listings include leveraged ETFs on NVIDIA, Tesla and Celestica, plus leveraged and non-leveraged ETFs for Constellation Software TORONTO, April 13, 2026 (GLOBE NEWSWIRE) — Ninepoint Partners LP, one of Canada’s leading independent investment managers,…",Financial Post
TSLA,2026-04-13,"Tesla is selling 250 invite-only Model S 'Signatures' for $160,000 before scrapping them for good",Elon Musk's automaker is inviting a select group of fans to purchase limited-edition versions of its soon-to-be-discontinued Model X and S luxury EVs.,Business Insider
TSLA,2026-04-13,$SMPL Investigation: Simply Good Foods Investors are Notified to Contact BFA Law after Company Investigated for Securities Fraud Over Expansion Issues,Simply Good Foods Investors are Notified to Contact BFA Law after Company Investigated for Securities Fraud Over Expansion Issues...,GlobeNewswire
TSLA,2026-04-13,$TNC Investigation Reminder: Tennant Company Investors are Reminded to Contact BFA Law after Company Investigated for Securities Fraud Over ERP System Issues,Tennant Company Investors are Reminded to Contact BFA Law after Company Investigated for Securities Fraud Over ERP System Issues...,GlobeNewswire
TSLA,2026-04-13,$MCW Investigation Reminder: Mister Car Wash Shareholders are Reminded to Contact BFA Law after Board Investigated Over $7 Take Private Transaction,Mister Car Wash Shareholders are Reminded to Contact BFA Law after Board Investigated Over $7 Take Private Transaction...,GlobeNewswire
TSLA,2026-04-13,$EOSE Class Action Reminder: Eos Energy Investors are Reminded to Contact BFA Law after Company Sued for Securities Fraud Over Manufacturing Issues,Eos Energy Investors are Reminded to Contact BFA Law after Company Sued for Securities Fraud Over Manufacturing Issues...,GlobeNewswire
TSLA,2026-04-13,$DRVN Class Action Reminder: Driven Brands Investors are Reminded to Contact BFA Law after Company Sued for Securities Fraud Over Financial Restatements,Driven Brands Investors are Reminded to Contact BFA Law after Company Sued for Securities Fraud Over Financial Restatements...,GlobeNewswire
TSLA,2026-04-13,$CWH Class Action Reminder: Camping World Investors are Reminded to Contact BFA Law after Company Sued for Securities Fraud Over Inventory Management Issues,Camping World Investors are Reminded to Contact BFA Law after Company Sued for Securities Fraud Over Inventory Management Issues ...,GlobeNewswire
TSLA,2026-04-13,$SMR Class Action Reminder: NuScale Power Investors are Reminded to Contact BFA Law after Company Sued for Securities Fraud Over ENTRA1 Issues,NuScale Power Investors are Reminded to Contact BFA Law after Company Sued for Securities Fraud Over ENTRA1 Issues...,GlobeNewswire
TSLA,2026-04-13,$ADMA Investigation Reminder: ADMA Biologics Investors are Reminded to Contact BFA Law after Company Investigated for Securities Fraud Over Channel Stuffing Claims,ADMA Biologics Investors are Reminded to Contact BFA Law after Company Investigated for Securities Fraud Over Channel Stuffing Claims...,GlobeNewswire
TSLA,2026-04-13,Cathie Wood vs Michael Burry: The $11 million Palantir bet that’s splitting Wall Street,"Cathie Wood bought $11 million worth of Palantir Technologies shares, boosting ARK ETFs’ holdings to over ₹283 crore, even as Michael Burry remains bearish. The funds also sold over $10 million worth of Advanced Micro Devices shares.",The Times of India
TSLA,2026-04-12,Rueben Bain car accident details: What to know of fatal accident in 2024 allegedly involving top NFL prospect,"According to The Read Optional's Ollie Connolly, Rueben Bain was the driver in a fatal car crash that took place in Miami in March 2024.",Sporting News
TSLA,2026-04-12,How Novo Nordisk (NVO) Is Expanding Its Dominance in Obesity Care,How Novo Nordisk (NVO) Is Expanding Its Dominance in Obesity Careinsidermonkey.com,Insidermonkey.com
TSLA,2026-04-12,"Prediction: Down 30%, Tesla Stock Is Still Not a Buy Ahead of Its Earnings Later This Month",,Yahoo Entertainment
TSLA,2026-04-12,Magnificent 7 stocks are splitting again: Chart of the Day,The stock market’s latest rally is reviving a familiar trade — but not all of the Magnificent Seven are coming along for the ride.,Yahoo Entertainment
TSLA,2026-04-12,OpenStreetMap User's Diaries: How I used AI to map the Dublin Port Tunnel,"Sometimes, we set out to solve one problem and arrive at a bunch of even greater discoveries along the way. This story starts with my curiosity about whether you can get a “GPS” track log underground - like in a tunnel or underground car park. GPS is our go-t…",Openstreetmap.org
TSLA,2026-04-12,Artificial general intelligence and the future of surgery,"It is no secret that the hyperscalers (e.g., Google Cloud, Amazon AWS, etc.) and the frontier AI labs (e.g., OpenAI, Anthropic, DeepMind) are devoting extraordinary attention, time, and capital to the AI buildout. The big four (Amazon, Google, Microsoft, Meta…",Kevinmd.com
AMZN,2026-04-13,A renewed 45mm Pixel Watch 3 is a steal at just $110 right now on Amazon,"If you’ve been thinking about picking up Google’s latest smartwatch, now is the time to look at the “Renewed” market, as the Wi-Fi version of the Google Pixel Watch 3 (45mm) has dropped to just $110 on Amazon —making it an absolute steal.



 more…",9to5google.com
AMZN,2026-04-13,"""I'm impressed with the quality for the price"": This Vivobook deal makes Snapdragon X one of the best budget buys for a Windows laptop right now","The ASUS Vivobook 14, a laptop that prioritizes reliable productivity performance rates and storage over flashy looks and gimmicks, now with a 40% discount.",Windows Central
AMZN,2026-04-13,Amazon (AMZN): Top High-Flying AI Stock to Buy,,Yahoo Entertainment
AMZN,2026-04-13,"DDR5 memory and SSDs sit on retail shelves as 128GB memory kit prices hit $4,200","We're not sure who'd be willing to pay $4,199.99 for Corsair's Vengeance RGB 128GB DDR5-6400 memory kit, but that looks to be the current price.Continue reading at TweakTown",TweakTown
AMZN,2026-04-13,AI Updates for the Week of 4/12/26,"Updates Below are some of the highlights in AI, robotics, and machine learning for this past week. 4/12 4/11 4/10 4/9 4/8 4/7 4/6 Learn More You can get more details as well as citations in my AI Timeline. Learn how to take advantage of its filters here. Imag…",Annielytics.com
AMZN,2026-04-12,How Novo Nordisk (NVO) Is Expanding Its Dominance in Obesity Care,How Novo Nordisk (NVO) Is Expanding Its Dominance in Obesity Careinsidermonkey.com,Insidermonkey.com
AMZN,2026-04-12,Vintage Justin Bieber Merch Selling Fast Online On Heels of Singer’s Nostalgia-Fueled Coachella Set,"Amazon has a host of Bieber merch available, all of which are officially-licensed and approved by the singer himself.",Rolling Stone
AMZN,2026-04-12,22-oz Lysol Pro Kitchen Spray Cleaner & Degreaser (Citrus Scent) $2.80 w/ S&S,"Amazon has 22-oz Lysol Pro Kitchen Spray Cleaner & Degreaser (Citrus Scent) on sale for $2.97 - $0.15 (5% Subscribe & Save discount) = $2.82. Shipping is free with Prime or on $35+ orders. 
...",Slickdeals.net
AMZN,2026-04-12,Show HN: Interactive Simulator of Government Spending vs. Economic Growth,Interactive simulator that challenges traditional Armey Curve theory. Compare quadratic models vs real-world data. Discover why power law models better explain government spending and economic growth.,Github.io
AMZN,2026-04-12,Magnificent 7 stocks are splitting again: Chart of the Day,The stock market’s latest rally is reviving a familiar trade — but not all of the Magnificent Seven are coming along for the ride.,Yahoo Entertainment
AMZN,2026-04-12,"Method Gel Dish Soap, Sea Minerals Scent, Biodegradable Formula, Pack of 6 – Just $17.80!","It’s time to revisit some of the most popular deals from the past week! If you missed it, this one is a good deal to grab! Got too many dirty dishes after spring time fun? Need some good dish soap? I need to stock up – how about you? How a...",Commonsensewithmoney.com
AMZN,2026-04-12,Every Bluey Fan Is Running to Amazon Right Now,Take advantage of these Bluey souvenir deals while they last!,allears.net
AMZN,2026-04-12,Andy Jassy has great news for Amazon stock investors,,Yahoo Entertainment
AMZN,2026-04-12,"""The sound quality and comfort are excellent"": This PC gaming headset with low latency is great for players who use multiple devices at a budget price","We have found a 33% discount on the Razer Barracuda X, one of our favorite budget gaming headsets with top-notch audio quality in both wireless and wired modes and a vast compatibility with a wide range of gaming platforms.",Windows Central
AMZN,2026-04-12,John Jacob Astor IV was one of the richest men in the world when he died on the Titanic. Here's a look at his life.,"John Jacob Astor IV, the wealthiest passenger aboard the Titanic, died when the ship sank in April 1912. His young, pregnant wife survived.",Business Insider
AMZN,2026-04-12,Applied Optoelectronics Stock 2026: Buy the AI Optics Surge or Sell Before the Pullback?,"SUGAR LAND, Texas — Applied Optoelectronics Inc. (NASDAQ: AAOI) has emerged as one of the hottest — and most volatile — plays in the artificial intelligence data center boom of 2026, with shares surging more than 1,140% over the past year to trade around $150…",Ibtimes.com.au
AMZN,2026-04-12,Artificial general intelligence and the future of surgery,"It is no secret that the hyperscalers (e.g., Google Cloud, Amazon AWS, etc.) and the frontier AI labs (e.g., OpenAI, Anthropic, DeepMind) are devoting extraordinary attention, time, and capital to the AI buildout. The big four (Amazon, Google, Microsoft, Meta…",Kevinmd.com
AMZN,2026-04-12,"Thermal Grizzly Deltamate GPU Block Reduces ROG Astral RTX 5080’s Temperature By Nearly 20°C, Der8auer Demonstrates",It's a powerful GPU block for enthusiasts who wouldn't mind spending over $600 for the premium cooling experience it offers. Der8auer Demonstrates the Exceptional Cooling Performance of Deltamate GPU Block for ROG Astral RTX 5080 GPU; GPU Block Costs Over $60…,Wccftech
AMZN,2026-04-12,How Much You’d Have If 15 Years Ago You Invested $100 in Each of These 11 Companies Owned by Top Billionaires,We figured out what a $100 investment in each of these companies 15 years ago would be today -- and whether or not it would've been a smart investment.,Yahoo Entertainment
AMZN,2026-04-12,Michael Burry is still betting against Palantir even after Trump's 'warfighting' praise. AI bubble ready to pop?,"Veteran investor Michael Burry remains bearish on Palantir Technologies, citing high valuations and AI bubble risks. While optimism persists around artificial intelligence, experts warn uncertainty over profitability and infrastructure spending could challeng…",The Times of India
META,2026-04-13,Tens of billions in days: CoreWeave shows how aggressively AI infrastructure is being funded,A landmark week for CoreWeave's capital structure reveals the aggressive financing strategies powering the AI infrastructure race.,Fortune
META,2026-04-13,Saudi Arabia's East-West Pipeline Back at Full Steam After Iran Disruptions,"Saudi Arabia announced on Sunday that its East-West pipeline has been fully restored to its peak throughput of roughly 7 million barrels daily, following...",Yahoo Entertainment
META,2026-04-13,AI Updates for the Week of 4/12/26,"Updates Below are some of the highlights in AI, robotics, and machine learning for this past week. 4/12 4/11 4/10 4/9 4/8 4/7 4/6 Learn More You can get more details as well as citations in my AI Timeline. Learn how to take advantage of its filters here. Imag…",Annielytics.com
META,2026-04-12,Rosenblatt Upgrades Arista Networks (ANET) Stock to Buy from Neutral,"Arista Networks, Inc. (NYSE:ANET) is one of the Best Long Term Growth Stocks to Invest In According to Billionaires. On April 7, Rosenblatt upgraded the...",Yahoo Entertainment
META,2026-04-12,Meta Platforms (META): Unity and Meta Extends Multi-Year Platform Support and Enterprise Agreement,"Meta Platforms, Inc. (NASDAQ:META) is one of the Best Long Term Growth Stocks to Invest In According to Billionaires. On April 8, it was announced that Unity...",Yahoo Entertainment
META,2026-04-12,Magnificent 7 stocks are splitting again: Chart of the Day,The stock market’s latest rally is reviving a familiar trade — but not all of the Magnificent Seven are coming along for the ride.,Yahoo Entertainment
META,2026-04-12,CrowdStrike Is Joining Anthropic’s New Project Glasswing. Does That Make CRWD Stock a Buy?,"CrowdStrike was chosen as a partner for Anthropic’s Project Glasswing, a limited rollout of Mythos. Should you buy the stock here?",Barchart.com
META,2026-04-12,Artificial general intelligence and the future of surgery,"It is no secret that the hyperscalers (e.g., Google Cloud, Amazon AWS, etc.) and the frontier AI labs (e.g., OpenAI, Anthropic, DeepMind) are devoting extraordinary attention, time, and capital to the AI buildout. The big four (Amazon, Google, Microsoft, Meta…",Kevinmd.com
META,2026-04-12,Rage Bait: The costs and benefits of Connecticut’s marketing ploy,Rage Bait: The costs and benefits of Connecticut’s marketing ployinsideinvestigator.org,Insideinvestigator.org
META,2026-04-12,"Legendary investor says the AI boom masks a deeper crisis: Falling sperm counts, shrinking populations, and vanishing resources","Jeremy Grantham remembers rattling investors in 2022: ""I irritated the stock market players, irritated the newbies who were investing their Biden's money.""",Fortune
META,2026-04-12,How Much You’d Have If 15 Years Ago You Invested $100 in Each of These 11 Companies Owned by Top Billionaires,We figured out what a $100 investment in each of these companies 15 years ago would be today -- and whether or not it would've been a smart investment.,Yahoo Entertainment
META,2026-04-12,NVIDIA Stock 2026: Buy or Sell NVDA as AI Demand and Blackwell Ramp Fuel Strong Buy Consensus,"NEW YORK — NVIDIA Corp. (NASDAQ: NVDA) shares closed at approximately $188.63 on April 10, 2026, with Wall Street analysts maintaining a strong consensus ""Buy"" or ""Strong Buy"" rating as the company rides explosive demand for its AI GPUs, particularly the Blac…",Ibtimes.com.au
META,2026-04-12,How Oracle’s huge AI build-out is causing a cash crunch and layoffs,"Once a cash-generating software stalwart, Oracle has transformed into a debt-heavy infrastructure builder. The strain is showing.",Livemint
META,2026-04-11,‘Big Short’ Michael Burry sends signal on Nvidia stock,"Short-seller Michael Burry just made his view on Nvidia (NVDA) stock a lot harder to ignore. In a new Substack post, the popular investor disclosed that he...",TheStreet
META,2026-04-11,"How AWS, Microsoft, Google, Adani and Reliance are driving India’s data centre boom","AI, cloud and rising power needs are driving expansion by global operators such as Equinix, Digital Realty and CoreWeave, while turning data centres into a major infrastructure and investment theme in India and worldwide",BusinessLine
META,2026-04-11,Meta Stock Needs to Show How Much Cash It Can Squeeze Out of Its New AI Tools before Q1; Barclays Reiterates Buy Forecast,,Yahoo Entertainment
META,2026-04-11,"'My first layoff was the best thing for my career': Story of IT sector employee, who suffered two layoffs, will inspire you","Tech industry layoffs are a reality. A UX design leader's journey shows how setbacks can lead to growth. After being laid off from Meta and earlier from Cisco, she reassessed her career. She found a better fit in UX writing. Her experience highlights that lay…",The Times of India
META,2026-04-11,NVIDIA vs AMD 2026: AI Chip Showdown – Who Dominates Data Centers as Blackwell and MI400 Battle?,"SANTA CLARA, Calif. — As artificial intelligence infrastructure spending surges into 2026, the rivalry between NVIDIA Corp. and Advanced Micro Devices Inc. intensifies, with NVIDIA maintaining overwhelming dominance in AI accelerators while AMD gains ground t…",Ibtimes.com.au
META,2026-04-11,Data centers and gas demand make boring pipelines great again,"Williams is the ""poster child"" for gas pipeline and power growth amid the new construction boom.",Fortune
META,2026-04-11,India cracks down on satirists for turning its prime minister into a punch line,India's satirists are turning Prime Minister Narendra Modi into a punch line — and the government is hitting back.,NPR
JPM,2026-04-13,Chemed Corporation Announces a Five-Year $450 Million Amended and Restated Credit Agreement,Chemed Amended and Restated Credit Agreement...,GlobeNewswire
JPM,2026-04-13,"Strait of Hormuz blockade, Goldman Sachs earnings, AI cybersecurity and more in Morning Squawk",Here are five key things investors need to know to start the trading day.,CNBC
JPM,2026-04-13,Why an exec at biopharma giant Gilead Sciences prefers energy management over time management,Johanna Mercier’s leadership strategy at Gilead Sciences starts with protecting energy in a role that is never fully off.,Fortune
JPM,2026-04-13,Talk Your Book: The Biggest Active ETF,"On today's Talk Your Book we speak to JP Morgan's Hamilton Reiner about creating income via options and how covered call strategies work.
The post Talk Your Book: The Biggest Active ETF appeared first on A Wealth of Common Sense.
...",Awealthofcommonsense.com
JPM,2026-04-13,Earnings live updates: Q1 earnings season kicks off with bank results as macro pressures mount,The first quarter earnings season is kicking off at an uncertain time for markets.,Yahoo Entertainment
JPM,2026-04-13,"Earnings live updates: Johnson & Johnson Q1 profit beats estimates, BlackRock touts strong start to year",The first quarter earnings season is kicking off at an uncertain time for markets.,Yahoo Entertainment
JPM,2026-04-13,Wall St set for subdued open as failed US-Iran peace talks fuel investor angst,"April 13 : Wall Street's main indexes were set to open lower on Monday after weekend talks between the U.S. and Iran failed to deliver a deal nL6N40V09S to end the war, threatening a nascent recovery in equities and risking a renewed bout of volatility.The de…",CNA
JPM,2026-04-13,Failed Hormuz Talks and Trump Blockade Trigger Global Stock Sell-Off as Oil Surges Past $103,"NEW YORK — The abrupt failure of U.S.-Iran peace negotiations in Pakistan and President Donald Trump's immediate order to blockade the Strait of Hormuz sent shockwaves through world financial markets Monday, driving oil prices above $103 a barrel and triggeri…",Ibtimes.com.au
JPM,2026-04-13,AI Updates for the Week of 4/12/26,"Updates Below are some of the highlights in AI, robotics, and machine learning for this past week. 4/12 4/11 4/10 4/9 4/8 4/7 4/6 Learn More You can get more details as well as citations in my AI Timeline. Learn how to take advantage of its filters here. Imag…",Annielytics.com
JPM,2026-04-12,High Oil Prices Force Japan Equity Analysts to Slash Forecasts,Japanese firms are starting the earnings season with an increasingly bleak outlook as the failure of US peace talks with Iran drives crude oil prices higher.,Financial Post
JPM,2026-04-12,"Stock market today: Dow, S&P 500, Nasdaq futures fall as the US and Iran fail to agree to peace, US blockades Hormuz",Futures on the major US gauges dropped ahead of the week's open as negotiations for peace in Iran fell apart.,Yahoo Entertainment
JPM,2026-04-12,"Stock market today: Dow, S&P 500, Nasdaq futures slide after Iran war talks fail, Trump orders Hormuz blockade",Futures on the major US gauges dropped ahead of the week's open as negotiations for peace in Iran fell apart.,Yahoo Entertainment
JPM,2026-04-12,Oil prices surge after Trump says U.S. will blockade the Strait of Hormuz,The price of oil surged Sunday night after President Donald Trump said the U.S. would blockade the Strait of Hormuz following the failure of peace talks with Iran.U.S.,NBC News
JPM,2026-04-12,Stock market today: Live updates,All three major averages are coming off their best week since November on hopes that the conflict will soon come to an end.,CNBC
JPM,2026-04-12,Madison Square Garden Sports (MSGS): Mario Gabelli Is Bullish on This Stock,Madison Square Garden Sports Corp. (NYSE:MSGS) is featured on the Mario Gabelli Stock Portfolio: Top 10 Stock Picks. Madison Square Garden Sports Corp...,Yahoo Entertainment
JPM,2026-04-12,"JPMorgan CEO Jamie Dimon shares the best parenting advice his father gave: 'Do the best you can, make the world a better place, treat everyone...'","JPMorgan Chase CEO Jamie Dimon has reflected on the simple yet lasting advice he received from his father, saying it continues to shape his outlook on life and leadership. Growing up in Queens, Dimon said his family emphasized values over career expectations,…",The Times of India
JPM,2026-04-12,Here's what smart people are saying the failed US-Iran peace talks mean for markets,"Economists, foreign policy experts, and politicians weigh in on the failed US peace talks with Iran.",Business Insider
JPM,2026-04-12,"Legendary investor says the AI boom masks a deeper crisis: Falling sperm counts, shrinking populations, and vanishing resources","Jeremy Grantham remembers rattling investors in 2022: ""I irritated the stock market players, irritated the newbies who were investing their Biden's money.""",Fortune
JPM,2026-04-11,"Bank of Canada, Major Lenders Met on Anthropic AI Cyber Risk",The Bank of Canada and the country’s major banks and financial firms met Friday to discuss cybersecurity risks raised by Anthropic PBC’s latest artificial intelligence model.,Financial Post
JPM,2026-04-11,"Tesla slides, but valuation still looks wildly detached from reality",Some analysts are bearish on the electric vehicle maker but Tesla bulls have always valued hype rather than hard numbers,The Irish Times
XOM,2026-04-13,Tens of billions in days: CoreWeave shows how aggressively AI infrastructure is being funded,A landmark week for CoreWeave's capital structure reveals the aggressive financing strategies powering the AI infrastructure race.,Fortune
XOM,2026-04-12,Artificial general intelligence and the future of surgery,"It is no secret that the hyperscalers (e.g., Google Cloud, Amazon AWS, etc.) and the frontier AI labs (e.g., OpenAI, Anthropic, DeepMind) are devoting extraordinary attention, time, and capital to the AI buildout. The big four (Amazon, Google, Microsoft, Meta…",Kevinmd.com
XOM,2026-04-11,Oil companies accused of massive accounting fraud in New Mexico,"A lawsuit claims ExxonMobil and others underreported debts by $194 million, calling it “a playbook” for how companies dump old wells and expenses on states.",Grist
XOM,2026-04-10,"NZ-bound oil tankers turned away from port, pounded by 4m storm waves at sea",Two weeks' worth of critically needed fuel is on the water as Cyclone Vaianu sweeps through. 'Feeling a 250m tanker go up in the air and then crash down the other side of a wave is not a pleasant experience.',Newsroom
XOM,2026-04-09,How the PM's Singapore visit could help Australia's fuel supply,"Experts say visits like Anthony Albanese's trip to Singapore are important in securing Australia's energy supplies. As one observer puts it, ""when you don't have the stock, you need friends"".",ABC News (AU)
XOM,2026-04-09,Why high oil prices are good for oil companies — until they aren’t - NPR,"Why high oil prices are good for oil companies — until they aren’tNPR Oil, Geopolitics, and ExxonMobil: Here's Where the Stock Could Be in 12 MonthsThe Motley Fool What Exxon Mobil (XOM)'s Helium Edge and New Debt Deal Mean For ShareholdersYahoo Finance Exxon…",Slashdot.org
XOM,2026-04-09,Oil Prices Crash 16% on Iran War Ceasefire—Why ExxonMobil Is Still the Only Buy That Makes Sense,"Oil prices and stocks had soared on the escalation of the Iran war, but a two-week ceasefire sent them plummeting. However, regardless of whether the...",Barchart.com
XOM,2026-04-09,3 things investors learned from the market's latest TACO-trade bonanza,The market is throwing off signals about how things might look if the Iran war continues to deescalate.,Business Insider
XOM,2026-04-09,Why high oil prices are good for oil companies — until they aren't,"Yes, higher crude oil prices mean a multibillion-dollar cash infusion to the oil industry. But volatility is bad for business, and sustained high prices come with very serious drawbacks.",NPR
XOM,2026-04-08,Chevron vs ExxonMobil: The Bigger Dividend Stock Amid The Oil Rush,,Yahoo Entertainment
XOM,2026-04-08,Better Dividend Stock: ConocoPhillips vs. ExxonMobil,,Yahoo Entertainment
XOM,2026-04-07,"Oil, Geopolitics, and ExxonMobil: Here's Where the Stock Could Be in 12 Months",,Yahoo Entertainment
XOM,2026-04-06,"India's Back Buying Iranian Oil, and It's Costing Them","After Washington temporarily lifted sanctions from Iran, India rushed to secure a shipment of the sanctioned stuff.",Moby.co
XOM,2026-04-05,"DAVID BLACKMON: Drill, Baby, Drill Makes Modest Comeback",Oklahoma-based Continental Resources made news this week by announcing it will increase its drilling and production capital budget in response to the new higher,The Daily Caller
XOM,2026-04-04,Why ExxonMobil Stock Soared More Than 11% in March,,Yahoo Entertainment
XOM,2026-04-04,Maybe it’s time to give Elon Musk control of the sun,"We’re sleepwalking into ecocide. Like it or not, Starlink may one day be our last resort",Salon
XOM,2026-04-02,"What K.M. says and will do about OPEKEPE No2, the ministers, the reshuffle and… a fainting spell, the stocks that are plucking daisies, the black email at the crack of dawn","///
The post What K.M. says and will do about OPEKEPE No2, the ministers, the reshuffle and… a fainting spell, the stocks that are plucking daisies, the black email at the crack of dawn appeared first on ProtoThema English.",Protothema.gr
XOM,2026-04-02,Chevron vs ExxonMobil: Which Energy Stock Will Win In The New Oil Landscape?,"Energy company Chevron (NYSE:CVX) and ExxonMobil (NYSE:XOM) both closed out full-year 2025 with record production, rising shareholder returns, and dividend...",24/7 Wall St.
XOM,2026-04-02,"S&P 500 wipes $830 billion as US stock market today opens after President Trump Iran war speech — Dow Jones, S&P 500, Nasdaq crash on oil surge fears as Nvidia, Apple, Google, Amazon sink deep in red",US stock market today lost over $830 billion in minutes. That is the shock investors woke up to. The S&P 500 dropped sharply. The Dow Jones fell more than 600 points. The Nasdaq slid deeper. This came right after Donald Trump signaled stronger action in Iran.…,The Times of India
XOM,2026-04-01,"Despite Delays, ExxonMobil Timed This LNG Project Perfectly. Is It Time to Buy the Top Energy Stock?",,Yahoo Entertainment
WMT,2026-04-13,"Singapore retail investors make bets on dips and rallies amid Iran war, data shows",They are piling into tech firms and retreating from discretionary stocks as Middle East tensions simmer. Read more at straitstimes.com. Read more at straitstimes.com.,The Straits Times
WMT,2026-04-12,22-oz Lysol Pro Kitchen Spray Cleaner & Degreaser (Citrus Scent) $2.80 w/ S&S,"Amazon has 22-oz Lysol Pro Kitchen Spray Cleaner & Degreaser (Citrus Scent) on sale for $2.97 - $0.15 (5% Subscribe & Save discount) = $2.82. Shipping is free with Prime or on $35+ orders. 
...",Slickdeals.net
WMT,2026-04-12,"Walmart-owned Flipkart, Amazon are squeezing India's quick commerce startups | TechCrunch","Flipkart's ongoing expansion beyond major cities and heavy discounting is raising risks for India's quick commerce startups, analysts say.",TechCrunch
WMT,2026-04-11,"""I didn't know a $50 controller could be this good"": this PC gamepad with Hall Effect sticks was already a bargain, but it's now an absolute steal","The GameSir Super Nova is an underrated PC gaming controller with a sturdy build, responsive controls enhanced by tech you'd normally find in premium controllers, and a budget-friendly price tag that's been cheapened further with this 33% discount.",Windows Central
WMT,2026-04-11,Alani Nu Energy Drink: 10 Must-Know Facts on Viral Zero-Sugar Boost as Sales Soar,"LOUISVILLE, Ky. — Alani Nu energy drinks have exploded in popularity with their candy-like flavors, zero sugar and 200 milligrams of caffeine per can, captivating fitness enthusiasts and everyday consumers seeking a vibrant pick-me-up without the crash.",Ibtimes.com.au
WMT,2026-04-10,Walmart Marketplace Powers General Merchandise Surge,"Walmart’s marketplace is playing a key role in its efforts to grow its general merchandise business, Walmart Chief Financial Officer John David Rainey said Wednesday (April 8). Speaking at the JPMorgan 12th Annual Retail Roundup 2026, Rainey said that growing…",pymnts.com
WMT,2026-04-10,"Woman Bought A Cart Full Of Items At Costco, But The Employee At The Exit Insisted On Counting Every Single One",Being overly picky isn't a good look.,Twistedsifter.com
WMT,2026-04-10,Jim Cramer Calls Walmart “A Stock That Truly Defines the Term Juggernaut”,,Yahoo Entertainment
WMT,2026-04-09,The $200 Savings Hack Nobody Uses in Disney World…But YOU Should,Here are my best hacks for saving money in Disney World.,disneyfoodblog.com
WMT,2026-04-09,Spaghetti Pizza Recipe ($10 Family Dinner Idea),"This recipe combines two classic favorites — spaghetti and pizza — into one dish! So you can’t go wrong with this one! We’ve been eating this Spaghetti Pizza on repeat ever since my children were tiny, and it still hasn’t lost its appeal. I use turkey peppero…",Moneysavingmom.com
WMT,2026-04-09,Sugar Harmony (INVESTIGATED): What You Need to Know Before Buying This Blood Sugar Support Supplement,"A 2026 analysis examining the Sugar Harmony liquid formula, the ingredient rationale, purchase authenticity concerns, and the practical factors consumers may want to weigh before ordering A 2026 analysis examining the Sugar Harmony liquid formula, the ingredi…",GlobeNewswire
WMT,2026-04-09,Apple card - 5%/$500 Walgreens offer,"YMMV - Apple card offer on Walgreens to get 5%/$500 instead of the normal 3%. 
 
Unless you have dedicated 5% drugstore credit card, this is good offer to use to get gift cards (Walmart as example)...",Slickdeals.net
WMT,2026-04-09,Walmart: Select Prefilled Easter Baskets From $2.74 + Free S&H w/ Walmart+ or on $35+,"Walmart [walmart.com] has *select Prefilled Easter Baskets* on sale below. Shipping is free w/ Walmart+ (free trial available [walmart.com]) or on orders $35+. 
 
Note: Stock will vary by location,...",Slickdeals.net
WMT,2026-04-09,Jim Cramer Makes Major Prediction For Walmart (WMT) Stock,,Yahoo Entertainment
WMT,2026-04-09,"Iran says U.S. breached ceasefire, Anthropic's court loss, rate cut odds and more in Morning Squawk",Here are five key things investors need to know to start the trading day.,CNBC
WMT,2026-04-09,The world's 20 richest people are $90 billion wealthier after the US-Iran ceasefire sparked a big stock rally,Mark Zuckerberg grew about $13 billion richer in one day as buzz over Meta's new AI model combined with the relief rally after the US-Iran ceasefire.,Business Insider
WMT,2026-04-09,386-Piece LEGO Decorative Easter Egg Building Set $5 + Free Pickup,"Walmart has 386-Piece LEGO Decorative Easter Egg Building Set (40816) on clearance for $4.99. Select free store pickup where stock permits, otherwise, free shipping on orders $35+ or w/ Walmart+ Membe",Slickdeals.net
WMT,2026-04-09,"Refurb 4th-Gen. Apple iPad Air 10.9"" 64GB Tablet (2020) for $240 + free shipping","At eBay, get this refurb 4th-Gen. Apple iPad Air 10.9"" 64GB Tablet (2020) for $239.85. That's $25 less than what Walmart charges for a refurb. A 1-year Allstate warranty is included. Buy Now at eBay",Dealnews.com
WMT,2026-04-09,Best Stock to Buy and Hold Forever: Walmart vs. Amazon,,Yahoo Entertainment
WMT,2026-04-08,How Costco Won in Japan,"Costco had to re-think its real estate, merchandising and warehouse design to succeed in Japan, which is now its largest market outside of North America.",Readtrung.com
GOOGL,2026-04-13,Alphabet Stock Dips in Pre-Market as AI Spending and Antitrust Pressures Weigh on GOOG,"NEW YORK — Alphabet Inc. Class C shares closed Friday at $315.72, unchanged on the day, but slipped in pre-market trading Monday to around $313.60, down about 0.67%, as investors weighed heavy capital spending on artificial intelligence infrastructure against…",Ibtimes.com.au
GOOGL,2026-04-13,"China has erased the US lead in AI, Stanford HAI’s 2026 AI index reveals","Stanford University researchers today released their highly anticipated 2026 AI Index Report, revealing a global landscape where artificial intelligence technology is being adopted at record-breaking pace, even as public trust in AI oversight and transparency…",SiliconANGLE News
GOOGL,2026-04-13,Apple’s Head of AI John Giannandrea Leaves Company This Week,"Apple's former head of AI, John Giannandrea, is set to leave the company this week following his retirement announcement last year.
The post Apple’s Head of AI John Giannandrea Leaves Company This Week first appeared on iPhone in Canada.",iPhone in Canada
GOOGL,2026-04-13,Former AI boss John Giannandrea officially leaving Apple this week after ‘resting and vesting’,"John Giannandrea’s time at Apple is officially coming to an end this week. Giannandrea joined Apple in 2018 after eight years at Google to head the company’s machine learning and AI strategy.



In December of last year, however, Apple announced that Giannand…",9to5Mac
GOOGL,2026-04-13,"Google’s Task-Based Agentic Search Is Disrupting SEO Today, Not Tomorrow via @sejournal, @martinibuster","A recent announcement by Google signals the start of a massive change in how the internet and search work.
The post Google’s Task-Based Agentic Search Is Disrupting SEO Today, Not Tomorrow appeared first on Search Engine Journal.",Search Engine Journal
GOOGL,2026-04-13,"The people who made NotebookLM just dropped a new app, and I'm obsessed",It's my favorite way of listening to AI,Android Police
GOOGL,2026-04-13,A renewed 45mm Pixel Watch 3 is a steal at just $110 right now on Amazon,"If you’ve been thinking about picking up Google’s latest smartwatch, now is the time to look at the “Renewed” market, as the Wi-Fi version of the Google Pixel Watch 3 (45mm) has dropped to just $110 on Amazon —making it an absolute steal.



 more…",9to5google.com
GOOGL,2026-04-13,Apple's AI Chief John Giannandrea Departs This Week,"John Giannandrea, Apple's former head of artificial intelligence, is set to leave the company this week as his final stock vesting date approaches.





In his ""Power On"" newsletter, Mark Gurman noted that Giannandrea's exit has been a prolonged one. Apple mo…",MacRumors
GOOGL,2026-04-13,"As the U.S. Navy attempts to take control of the Strait of Hormuz today, Trump asks the Pope to shut up",Everything you need to know before you reach the office this morning.,Fortune
GOOGL,2026-04-13,"Is AutoNation, Inc. (AN) Among the Best Auto and Truck Dealership Stocks to Buy Now?","AutoNation, Inc. (NYSE:AN) is one of the 9 Best Auto and Truck Dealership Stocks to Buy Now. On April 8, 2026, Stephens cut AutoNation, Inc. (NYSE:AN)’s...",Yahoo Entertainment
GOOGL,2026-04-13,Klarna Group plc (KLAR): Among the Best Mid Cap Stocks to Invest In According to Billionaires,We recently compiled a list of the 10 Best Mid Cap Stocks to Invest In According to Billionaires. Klarna Group plc (NYSE:KLAR) is one of the best mid cap...,Yahoo Entertainment
GOOGL,2026-04-13,This $135 Casio Mod Was Originally Built for NASA,"We’ve been keeping an eye out for NASA-themed watches that commemorate the Artemis mission, and this one caught our attention. Custom Casio Royale mods have blown up over the past year. Builders have been turning the classic AE-1200 into all kinds of unique p…",The Gadgeteer
GOOGL,2026-04-13,"Zoonova AI Launches Alpha AI, Bringing Quant-Driven Analytics to Everyday Investors","SALT LAKE CITY, April 13, 2026 (GLOBE NEWSWIRE) -- Zoonova AI today announced the launch of Alpha AI, a new investing platform designed to make advanced market intelligence more accessible through a natural-language AI Command Center.",GlobeNewswire
GOOGL,2026-04-13,Global Partners (GLP) Expands Credit Facility by $300 Million,"Global Partners LP (NYSE:GLP) is one of the MLP Stocks List: 20 Largest MLPs. On March 13, 2026, Global Partners LP (NYSE:GLP) improved its liquidity by...",Yahoo Entertainment
GOOGL,2026-04-13,Martin Midstream Partners (MMLP) Amends Credit Facility,Martin Midstream Partners L.P. (NASDAQ:MMLP) is one of the MLP Stocks List: 20 Largest MLPs. Martin Midstream Partners L.P. (NASDAQ:MMLP) amended its credit ...,Yahoo Entertainment
GOOGL,2026-04-13,"21 Years, 21 Stats: Factoids From The Crosby-Ovechkin Rivalry","Pittsburgh Penguins' captain Sidney Crosby and Washington Capitals' captain Alex Ovechkin have been the NHL's most marketable stars for the past 21 years, and if this is the final chapter in their unparalleled rivalry, there are plenty of stats to look back o…",The Hockey News
GOOGL,2026-04-13,"The Initial Inventory For The $599 MacBook Neo Has Run Out, Forcing Apple To Place Rush Orders","Apple's MacBook Neo appears to be heading towards an unqualified success, judging from the size of the rush orders that Apple is now reportedly placing with its suppliers to meet oncoming demand. Apple placing rush orders with its suppliers as the demand for …",Wccftech
GOOGL,2026-04-13,AI Updates for the Week of 4/12/26,"Updates Below are some of the highlights in AI, robotics, and machine learning for this past week. 4/12 4/11 4/10 4/9 4/8 4/7 4/6 Learn More You can get more details as well as citations in my AI Timeline. Learn how to take advantage of its filters here. Imag…",Annielytics.com
GOOGL,2026-04-13,"Large AI firms hoovering maximum funding, not enough for smaller startups: Y Combinator’s Ankit Gupta","YC Startup School: India’s talent pool across colleges and universities are key for building next-gen startups, which is what YC is looking to tap into. It wants to target entrepreneurs building for global markets, focussed on fintech, consumer, B2B, and ecom…",The Times of India
GOOGL,2026-04-12,"Citi Lowered PT on Astera Labs (ALAB), Is It Still the Best Growth Stock?","​Astera Labs, Inc. (NASDAQ:ALAB) is one of the Best Growth Stocks to Buy With Highest Upside Potential. On April 2, Citi lowered its price target on Astera...",Yahoo Entertainment
