Ticker,Date,Label,Close,Pct_Change,Headlines,Sentiment,Pred_Baseline,Pred_RAG,Pred_Tools,Correct_Baseline,Correct_RAG,Correct_Tools
AAPL,2026-03-02,DOWN,264.72,-1.6735,SpaceX could be the biggest IPO in history. Will investors see a return? | Lackluster Foldable Smartphone Sales Are About To Witness A Major Surge As Apple Increases iPhone Fold Display Inventory By 20% | PSA: AirPods Pro 3 are dropping back down to holiday pricing this weekend,NEUTRAL,NEUTRAL,UP,UP,False,False,False
AAPL,2026-03-03,DOWN,263.75,-2.3848,SpaceX could be the biggest IPO in history. Will investors see a return? | Lackluster Foldable Smartphone Sales Are About To Witness A Major Surge As Apple Increases iPhone Fold Display Inventory By 20% | PSA: AirPods Pro 3 are dropping back down to holiday pricing this weekend,NEUTRAL,NEUTRAL,UP,UP,False,False,False
AAPL,2026-03-04,DOWN,262.52,-1.0056,SpaceX could be the biggest IPO in history. Will investors see a return? | Lackluster Foldable Smartphone Sales Are About To Witness A Major Surge As Apple Increases iPhone Fold Display Inventory By 20% | PSA: AirPods Pro 3 are dropping back down to holiday pricing this weekend,NEUTRAL,NEUTRAL,UP,UP,False,False,False
AAPL,2026-03-05,NEUTRAL,260.29,0.2075,SpaceX could be the biggest IPO in history. Will investors see a return? | Lackluster Foldable Smartphone Sales Are About To Witness A Major Surge As Apple Increases iPhone Fold Display Inventory By 20% | PSA: AirPods Pro 3 are dropping back down to holiday pricing this weekend,NEUTRAL,NEUTRAL,UP,UP,True,False,False
AAPL,2026-03-06,UP,257.46,1.3012,SpaceX could be the biggest IPO in history. Will investors see a return? | Lackluster Foldable Smartphone Sales Are About To Witness A Major Surge As Apple Increases iPhone Fold Display Inventory By 20% | PSA: AirPods Pro 3 are dropping back down to holiday pricing this weekend,NEUTRAL,NEUTRAL,UP,UP,False,True,True
AAPL,2026-03-09,DOWN,259.88,-1.5854,SpaceX could be the biggest IPO in history. Will investors see a return? | Lackluster Foldable Smartphone Sales Are About To Witness A Major Surge As Apple Increases iPhone Fold Display Inventory By 20% | PSA: AirPods Pro 3 are dropping back down to holiday pricing this weekend,NEUTRAL,NEUTRAL,UP,UP,False,False,False
AAPL,2026-03-10,DOWN,260.83,-4.1061,SpaceX could be the biggest IPO in history. Will investors see a return? | Lackluster Foldable Smartphone Sales Are About To Witness A Major Surge As Apple Increases iPhone Fold Display Inventory By 20% | PSA: AirPods Pro 3 are dropping back down to holiday pricing this weekend,NEUTRAL,NEUTRAL,UP,UP,False,False,False
AAPL,2026-03-11,DOWN,260.81,-3.0635,SpaceX could be the biggest IPO in history. Will investors see a return? | Lackluster Foldable Smartphone Sales Are About To Witness A Major Surge As Apple Increases iPhone Fold Display Inventory By 20% | PSA: AirPods Pro 3 are dropping back down to holiday pricing this weekend,NEUTRAL,NEUTRAL,UP,UP,False,False,False
AAPL,2026-03-12,NEUTRAL,255.76,-0.5982,SpaceX could be the biggest IPO in history. Will investors see a return? | Lackluster Foldable Smartphone Sales Are About To Witness A Major Surge As Apple Increases iPhone Fold Display Inventory By 20% | PSA: AirPods Pro 3 are dropping back down to holiday pricing this weekend,NEUTRAL,NEUTRAL,UP,UP,True,False,False
AAPL,2026-03-13,NEUTRAL,250.12,-0.072,SpaceX could be the biggest IPO in history. Will investors see a return? | Lackluster Foldable Smartphone Sales Are About To Witness A Major Surge As Apple Increases iPhone Fold Display Inventory By 20% | PSA: AirPods Pro 3 are dropping back down to holiday pricing this weekend,NEUTRAL,NEUTRAL,UP,UP,True,False,False
AAPL,2026-03-16,DOWN,252.82,-1.5268,SpaceX could be the biggest IPO in history. Will investors see a return? | Lackluster Foldable Smartphone Sales Are About To Witness A Major Surge As Apple Increases iPhone Fold Display Inventory By 20% | PSA: AirPods Pro 3 are dropping back down to holiday pricing this weekend,NEUTRAL,NEUTRAL,UP,UP,False,False,False
AAPL,2026-03-17,DOWN,254.23,-2.4545,SpaceX could be the biggest IPO in history. Will investors see a return? | Lackluster Foldable Smartphone Sales Are About To Witness A Major Surge As Apple Increases iPhone Fold Display Inventory By 20% | PSA: AirPods Pro 3 are dropping back down to holiday pricing this weekend,NEUTRAL,NEUTRAL,UP,UP,False,False,False
AAPL,2026-03-18,NEUTRAL,249.94,0.6202,SpaceX could be the biggest IPO in history. Will investors see a return? | Lackluster Foldable Smartphone Sales Are About To Witness A Major Surge As Apple Increases iPhone Fold Display Inventory By 20% | PSA: AirPods Pro 3 are dropping back down to holiday pricing this weekend,NEUTRAL,NEUTRAL,UP,UP,True,False,False
AAPL,2026-03-19,UP,248.96,1.0765,SpaceX could be the biggest IPO in history. Will investors see a return? | Lackluster Foldable Smartphone Sales Are About To Witness A Major Surge As Apple Increases iPhone Fold Display Inventory By 20% | PSA: AirPods Pro 3 are dropping back down to holiday pricing this weekend,NEUTRAL,NEUTRAL,UP,UP,False,True,True
AAPL,2026-03-20,UP,247.99,1.867,SpaceX could be the biggest IPO in history. Will investors see a return? | Lackluster Foldable Smartphone Sales Are About To Witness A Major Surge As Apple Increases iPhone Fold Display Inventory By 20% | PSA: AirPods Pro 3 are dropping back down to holiday pricing this weekend,NEUTRAL,NEUTRAL,UP,UP,False,True,True
AAPL,2026-03-23,NEUTRAL,251.49,0.5567,SpaceX could be the biggest IPO in history. Will investors see a return? | Lackluster Foldable Smartphone Sales Are About To Witness A Major Surge As Apple Increases iPhone Fold Display Inventory By 20% | PSA: AirPods Pro 3 are dropping back down to holiday pricing this weekend,NEUTRAL,NEUTRAL,UP,UP,True,False,False
AAPL,2026-03-24,DOWN,251.64,-1.1286,SpaceX could be the biggest IPO in history. Will investors see a return? | Lackluster Foldable Smartphone Sales Are About To Witness A Major Surge As Apple Increases iPhone Fold Display Inventory By 20% | PSA: AirPods Pro 3 are dropping back down to holiday pricing this weekend,NEUTRAL,NEUTRAL,UP,UP,False,False,False
AAPL,2026-03-25,DOWN,252.62,-2.3711,SpaceX could be the biggest IPO in history. Will investors see a return? | Lackluster Foldable Smartphone Sales Are About To Witness A Major Surge As Apple Increases iPhone Fold Display Inventory By 20% | PSA: AirPods Pro 3 are dropping back down to holiday pricing this weekend,NEUTRAL,NEUTRAL,UP,UP,False,False,False
AAPL,2026-03-26,NEUTRAL,252.89,0.3559,SpaceX could be the biggest IPO in history. Will investors see a return? | Lackluster Foldable Smartphone Sales Are About To Witness A Major Surge As Apple Increases iPhone Fold Display Inventory By 20% | PSA: AirPods Pro 3 are dropping back down to holiday pricing this weekend,NEUTRAL,NEUTRAL,UP,UP,True,False,False
AAPL,2026-03-27,UP,248.8,2.7452,SpaceX could be the biggest IPO in history. Will investors see a return? | Lackluster Foldable Smartphone Sales Are About To Witness A Major Surge As Apple Increases iPhone Fold Display Inventory By 20% | PSA: AirPods Pro 3 are dropping back down to holiday pricing this weekend,NEUTRAL,NEUTRAL,UP,UP,False,True,True
AAPL,2026-03-30,UP,246.63,3.7668,SpaceX could be the biggest IPO in history. Will investors see a return? | Lackluster Foldable Smartphone Sales Are About To Witness A Major Surge As Apple Increases iPhone Fold Display Inventory By 20% | PSA: AirPods Pro 3 are dropping back down to holiday pricing this weekend,NEUTRAL,NEUTRAL,UP,UP,False,True,True
AAPL,2026-03-31,UP,253.79,1.9977,SpaceX could be the biggest IPO in history. Will investors see a return? | Lackluster Foldable Smartphone Sales Are About To Witness A Major Surge As Apple Increases iPhone Fold Display Inventory By 20% | PSA: AirPods Pro 3 are dropping back down to holiday pricing this weekend,NEUTRAL,NEUTRAL,UP,UP,False,True,True
AAPL,2026-04-01,NEUTRAL,255.63,-0.8332,SpaceX could be the biggest IPO in history. Will investors see a return? | Lackluster Foldable Smartphone Sales Are About To Witness A Major Surge As Apple Increases iPhone Fold Display Inventory By 20% | PSA: AirPods Pro 3 are dropping back down to holiday pricing this weekend,NEUTRAL,NEUTRAL,UP,UP,True,False,False
AAPL,2026-04-02,UP,255.92,1.1644,SpaceX could be the biggest IPO in history. Will investors see a return? | Lackluster Foldable Smartphone Sales Are About To Witness A Major Surge As Apple Increases iPhone Fold Display Inventory By 20% | PSA: AirPods Pro 3 are dropping back down to holiday pricing this weekend,NEUTRAL,NEUTRAL,UP,UP,False,True,True
AAPL,2026-04-06,NEUTRAL,258.86,0.6297,SpaceX could be the biggest IPO in history. Will investors see a return? | Lackluster Foldable Smartphone Sales Are About To Witness A Major Surge As Apple Increases iPhone Fold Display Inventory By 20% | PSA: AirPods Pro 3 are dropping back down to holiday pricing this weekend,NEUTRAL,NEUTRAL,UP,UP,True,False,False
MSFT,2026-03-02,UP,398.55,3.0435,Microsoft: The Selloff Looks Better Than The Story (NASDAQ:MSFT) - Seeking Alpha | Is Microsoft Stock A Smarter Buy Than Google After Its Massive 250% Rally? | Is Microsoft (MSFT) The Best AI Stock According to Billionaire Ken Fisher?,NEUTRAL,NEUTRAL,NEUTRAL,NEUTRAL,False,False,False
MSFT,2026-03-03,UP,403.93,1.2453,Microsoft: The Selloff Looks Better Than The Story (NASDAQ:MSFT) - Seeking Alpha | Is Microsoft Stock A Smarter Buy Than Google After Its Massive 250% Rally? | Is Microsoft (MSFT) The Best AI Stock According to Billionaire Ken Fisher?,NEUTRAL,NEUTRAL,NEUTRAL,NEUTRAL,False,False,False
MSFT,2026-03-04,UP,405.2,1.039,Microsoft: The Selloff Looks Better Than The Story (NASDAQ:MSFT) - Seeking Alpha | Is Microsoft Stock A Smarter Buy Than Google After Its Massive 250% Rally? | Is Microsoft (MSFT) The Best AI Stock According to Billionaire Ken Fisher?,NEUTRAL,NEUTRAL,NEUTRAL,NEUTRAL,False,False,False
MSFT,2026-03-05,DOWN,410.68,-1.198,Microsoft: The Selloff Looks Better Than The Story (NASDAQ:MSFT) - Seeking Alpha | Is Microsoft Stock A Smarter Buy Than Google After Its Massive 250% Rally? | Is Microsoft (MSFT) The Best AI Stock According to Billionaire Ken Fisher?,NEUTRAL,NEUTRAL,NEUTRAL,NEUTRAL,False,False,False
MSFT,2026-03-06,NEUTRAL,408.96,-0.9976,Microsoft: The Selloff Looks Better Than The Story (NASDAQ:MSFT) - Seeking Alpha | Is Microsoft Stock A Smarter Buy Than Google After Its Massive 250% Rally? | Is Microsoft (MSFT) The Best AI Stock According to Billionaire Ken Fisher?,NEUTRAL,NEUTRAL,NEUTRAL,NEUTRAL,True,True,True
MSFT,2026-03-09,DOWN,409.41,-1.8441,Microsoft: The Selloff Looks Better Than The Story (NASDAQ:MSFT) - Seeking Alpha | Is Microsoft Stock A Smarter Buy Than Google After Its Massive 250% Rally? | Is Microsoft (MSFT) The Best AI Stock According to Billionaire Ken Fisher?,NEUTRAL,NEUTRAL,NEUTRAL,NEUTRAL,False,False,False
MSFT,2026-03-10,DOWN,405.76,-2.5163,Microsoft: The Selloff Looks Better Than The Story (NASDAQ:MSFT) - Seeking Alpha | Is Microsoft Stock A Smarter Buy Than Google After Its Massive 250% Rally? | Is Microsoft (MSFT) The Best AI Stock According to Billionaire Ken Fisher?,NEUTRAL,NEUTRAL,NEUTRAL,NEUTRAL,False,False,False
MSFT,2026-03-11,DOWN,404.88,-1.2176,Microsoft: The Selloff Looks Better Than The Story (NASDAQ:MSFT) - Seeking Alpha | Is Microsoft Stock A Smarter Buy Than Google After Its Massive 250% Rally? | Is Microsoft (MSFT) The Best AI Stock According to Billionaire Ken Fisher?,NEUTRAL,NEUTRAL,NEUTRAL,NEUTRAL,False,False,False
MSFT,2026-03-12,NEUTRAL,401.86,-0.6097,Microsoft: The Selloff Looks Better Than The Story (NASDAQ:MSFT) - Seeking Alpha | Is Microsoft Stock A Smarter Buy Than Google After Its Massive 250% Rally? | Is Microsoft (MSFT) The Best AI Stock According to Billionaire Ken Fisher?,NEUTRAL,NEUTRAL,NEUTRAL,NEUTRAL,True,True,True
MSFT,2026-03-13,NEUTRAL,395.55,-0.9506,Microsoft: The Selloff Looks Better Than The Story (NASDAQ:MSFT) - Seeking Alpha | Is Microsoft Stock A Smarter Buy Than Google After Its Massive 250% Rally? | Is Microsoft (MSFT) The Best AI Stock According to Billionaire Ken Fisher?,NEUTRAL,NEUTRAL,NEUTRAL,NEUTRAL,True,True,True
MSFT,2026-03-16,DOWN,399.95,-2.7328,Microsoft: The Selloff Looks Better Than The Story (NASDAQ:MSFT) - Seeking Alpha | Is Microsoft Stock A Smarter Buy Than Google After Its Massive 250% Rally? | Is Microsoft (MSFT) The Best AI Stock According to Billionaire Ken Fisher?,NEUTRAL,NEUTRAL,NEUTRAL,NEUTRAL,False,False,False
MSFT,2026-03-17,DOWN,399.41,-4.3915,Microsoft: The Selloff Looks Better Than The Story (NASDAQ:MSFT) - Seeking Alpha | Is Microsoft Stock A Smarter Buy Than Google After Its Massive 250% Rally? | Is Microsoft (MSFT) The Best AI Stock According to Billionaire Ken Fisher?,NEUTRAL,NEUTRAL,NEUTRAL,NEUTRAL,False,False,False
MSFT,2026-03-18,DOWN,391.79,-2.2436,Microsoft: The Selloff Looks Better Than The Story (NASDAQ:MSFT) - Seeking Alpha | Is Microsoft Stock A Smarter Buy Than Google After Its Massive 250% Rally? | Is Microsoft (MSFT) The Best AI Stock According to Billionaire Ken Fisher?,NEUTRAL,NEUTRAL,NEUTRAL,NEUTRAL,False,False,False
MSFT,2026-03-19,DOWN,389.02,-4.1849,Microsoft: The Selloff Looks Better Than The Story (NASDAQ:MSFT) - Seeking Alpha | Is Microsoft Stock A Smarter Buy Than Google After Its Massive 250% Rally? | Is Microsoft (MSFT) The Best AI Stock According to Billionaire Ken Fisher?,NEUTRAL,NEUTRAL,NEUTRAL,NEUTRAL,False,False,False
MSFT,2026-03-20,DOWN,381.87,-2.836,Microsoft: The Selloff Looks Better Than The Story (NASDAQ:MSFT) - Seeking Alpha | Is Microsoft Stock A Smarter Buy Than Google After Its Massive 250% Rally? | Is Microsoft (MSFT) The Best AI Stock According to Billionaire Ken Fisher?,NEUTRAL,NEUTRAL,NEUTRAL,NEUTRAL,False,False,False
MSFT,2026-03-23,DOWN,383.0,-4.4465,Microsoft: The Selloff Looks Better Than The Story (NASDAQ:MSFT) - Seeking Alpha | Is Microsoft Stock A Smarter Buy Than Google After Its Massive 250% Rally? | Is Microsoft (MSFT) The Best AI Stock According to Billionaire Ken Fisher?,NEUTRAL,NEUTRAL,NEUTRAL,NEUTRAL,False,False,False
MSFT,2026-03-24,DOWN,372.74,-4.2845,Microsoft: The Selloff Looks Better Than The Story (NASDAQ:MSFT) - Seeking Alpha | Is Microsoft Stock A Smarter Buy Than Google After Its Massive 250% Rally? | Is Microsoft (MSFT) The Best AI Stock According to Billionaire Ken Fisher?,NEUTRAL,NEUTRAL,NEUTRAL,NEUTRAL,False,False,False
MSFT,2026-03-25,DOWN,371.04,-3.2557,Microsoft: The Selloff Looks Better Than The Story (NASDAQ:MSFT) - Seeking Alpha | Is Microsoft Stock A Smarter Buy Than Google After Its Massive 250% Rally? | Is Microsoft (MSFT) The Best AI Stock According to Billionaire Ken Fisher?,NEUTRAL,NEUTRAL,NEUTRAL,NEUTRAL,False,False,False
MSFT,2026-03-26,UP,365.97,1.1476,Microsoft: The Selloff Looks Better Than The Story (NASDAQ:MSFT) - Seeking Alpha | Is Microsoft Stock A Smarter Buy Than Google After Its Massive 250% Rally? | Is Microsoft (MSFT) The Best AI Stock According to Billionaire Ken Fisher?,NEUTRAL,NEUTRAL,NEUTRAL,NEUTRAL,False,False,False
MSFT,2026-03-27,UP,356.77,3.5317,Microsoft: The Selloff Looks Better Than The Story (NASDAQ:MSFT) - Seeking Alpha | Is Microsoft Stock A Smarter Buy Than Google After Its Massive 250% Rally? | Is Microsoft (MSFT) The Best AI Stock According to Billionaire Ken Fisher?,NEUTRAL,NEUTRAL,NEUTRAL,NEUTRAL,False,False,False
MSFT,2026-03-30,UP,358.96,4.0394,Microsoft: The Selloff Looks Better Than The Story (NASDAQ:MSFT) - Seeking Alpha | Is Microsoft Stock A Smarter Buy Than Google After Its Massive 250% Rally? | Is Microsoft (MSFT) The Best AI Stock According to Billionaire Ken Fisher?,NEUTRAL,NEUTRAL,NEUTRAL,UP,False,False,True
MSFT,2026-03-31,NEUTRAL,370.17,0.7321,Microsoft: The Selloff Looks Better Than The Story (NASDAQ:MSFT) - Seeking Alpha | Is Microsoft Stock A Smarter Buy Than Google After Its Massive 250% Rally? | Is Microsoft (MSFT) The Best AI Stock According to Billionaire Ken Fisher?,NEUTRAL,NEUTRAL,NEUTRAL,NEUTRAL,True,True,True
MSFT,2026-04-01,NEUTRAL,369.37,0.7905,Microsoft: The Selloff Looks Better Than The Story (NASDAQ:MSFT) - Seeking Alpha | Is Microsoft Stock A Smarter Buy Than Google After Its Massive 250% Rally? | Is Microsoft (MSFT) The Best AI Stock According to Billionaire Ken Fisher?,NEUTRAL,NEUTRAL,NEUTRAL,NEUTRAL,True,True,True
MSFT,2026-04-02,NEUTRAL,373.46,0.233,Microsoft: The Selloff Looks Better Than The Story (NASDAQ:MSFT) - Seeking Alpha | Is Microsoft Stock A Smarter Buy Than Google After Its Massive 250% Rally? | Is Microsoft (MSFT) The Best AI Stock According to Billionaire Ken Fisher?,NEUTRAL,NEUTRAL,NEUTRAL,NEUTRAL,True,True,True
MSFT,2026-04-06,NEUTRAL,372.88,0.051,Microsoft: The Selloff Looks Better Than The Story (NASDAQ:MSFT) - Seeking Alpha | Is Microsoft Stock A Smarter Buy Than Google After Its Massive 250% Rally? | Is Microsoft (MSFT) The Best AI Stock According to Billionaire Ken Fisher?,NEUTRAL,NEUTRAL,NEUTRAL,NEUTRAL,True,True,True
NVDA,2026-03-02,NEUTRAL,182.47,0.4713,Nebius Picking Up Where Nvidia Left Off? Acquisition Rumor Sparks New Stock Surge | Nvidia vs. AMD: Which Stock Will Outperform The Market In 2026 | Nancy Pelosi’s stock trading crown threated by lawmaker’s eye-popping Nvidia jackpot,NEUTRAL,UP,NEUTRAL,UP,False,True,False
NVDA,2026-03-03,DOWN,180.04,-1.2385,Nebius Picking Up Where Nvidia Left Off? Acquisition Rumor Sparks New Stock Surge | Nvidia vs. AMD: Which Stock Will Outperform The Market In 2026 | Nancy Pelosi’s stock trading crown threated by lawmaker’s eye-popping Nvidia jackpot,NEUTRAL,UP,NEUTRAL,UP,False,False,False
NVDA,2026-03-04,NEUTRAL,183.03,-0.2131,Nebius Picking Up Where Nvidia Left Off? Acquisition Rumor Sparks New Stock Surge | Nvidia vs. AMD: Which Stock Will Outperform The Market In 2026 | Nancy Pelosi’s stock trading crown threated by lawmaker’s eye-popping Nvidia jackpot,NEUTRAL,UP,NEUTRAL,UP,False,True,False
NVDA,2026-03-05,NEUTRAL,183.33,0.78,Nebius Picking Up Where Nvidia Left Off? Acquisition Rumor Sparks New Stock Surge | Nvidia vs. AMD: Which Stock Will Outperform The Market In 2026 | Nancy Pelosi’s stock trading crown threated by lawmaker’s eye-popping Nvidia jackpot,NEUTRAL,UP,NEUTRAL,UP,False,True,False
NVDA,2026-03-06,UP,177.81,4.6227,Nebius Picking Up Where Nvidia Left Off? Acquisition Rumor Sparks New Stock Surge | Nvidia vs. AMD: Which Stock Will Outperform The Market In 2026 | Nancy Pelosi’s stock trading crown threated by lawmaker’s eye-popping Nvidia jackpot,NEUTRAL,UP,NEUTRAL,UP,True,False,True
NVDA,2026-03-09,NEUTRAL,182.64,0.2737,Nebius Picking Up Where Nvidia Left Off? Acquisition Rumor Sparks New Stock Surge | Nvidia vs. AMD: Which Stock Will Outperform The Market In 2026 | Nancy Pelosi’s stock trading crown threated by lawmaker’s eye-popping Nvidia jackpot,NEUTRAL,UP,NEUTRAL,UP,False,True,False
NVDA,2026-03-10,DOWN,184.76,-2.441,Nebius Picking Up Where Nvidia Left Off? Acquisition Rumor Sparks New Stock Surge | Nvidia vs. AMD: Which Stock Will Outperform The Market In 2026 | Nancy Pelosi’s stock trading crown threated by lawmaker’s eye-popping Nvidia jackpot,NEUTRAL,UP,NEUTRAL,UP,False,False,False
NVDA,2026-03-11,DOWN,186.03,-1.5105,Nebius Picking Up Where Nvidia Left Off? Acquisition Rumor Sparks New Stock Surge | Nvidia vs. AMD: Which Stock Will Outperform The Market In 2026 | Nancy Pelosi’s stock trading crown threated by lawmaker’s eye-popping Nvidia jackpot,NEUTRAL,UP,NEUTRAL,UP,False,False,False
NVDA,2026-03-12,NEUTRAL,183.14,-0.6607,Nebius Picking Up Where Nvidia Left Off? Acquisition Rumor Sparks New Stock Surge | Nvidia vs. AMD: Which Stock Will Outperform The Market In 2026 | Nancy Pelosi’s stock trading crown threated by lawmaker’s eye-popping Nvidia jackpot,NEUTRAL,UP,NEUTRAL,NEUTRAL,False,True,True
NVDA,2026-03-13,NEUTRAL,180.25,0.0832,Nebius Picking Up Where Nvidia Left Off? Acquisition Rumor Sparks New Stock Surge | Nvidia vs. AMD: Which Stock Will Outperform The Market In 2026 | Nancy Pelosi’s stock trading crown threated by lawmaker’s eye-popping Nvidia jackpot,NEUTRAL,UP,NEUTRAL,UP,False,True,False
NVDA,2026-03-16,DOWN,183.22,-2.5434,Nebius Picking Up Where Nvidia Left Off? Acquisition Rumor Sparks New Stock Surge | Nvidia vs. AMD: Which Stock Will Outperform The Market In 2026 | Nancy Pelosi’s stock trading crown threated by lawmaker’s eye-popping Nvidia jackpot,NEUTRAL,UP,NEUTRAL,UP,False,False,False
NVDA,2026-03-17,DOWN,181.93,-5.0734,Nebius Picking Up Where Nvidia Left Off? Acquisition Rumor Sparks New Stock Surge | Nvidia vs. AMD: Which Stock Will Outperform The Market In 2026 | Nancy Pelosi’s stock trading crown threated by lawmaker’s eye-popping Nvidia jackpot,NEUTRAL,UP,NEUTRAL,NEUTRAL,False,False,False
NVDA,2026-03-18,DOWN,180.4,-2.6386,Nebius Picking Up Where Nvidia Left Off? Acquisition Rumor Sparks New Stock Surge | Nvidia vs. AMD: Which Stock Will Outperform The Market In 2026 | Nancy Pelosi’s stock trading crown threated by lawmaker’s eye-popping Nvidia jackpot,NEUTRAL,UP,NEUTRAL,UP,False,False,False
NVDA,2026-03-19,DOWN,178.56,-1.8817,Nebius Picking Up Where Nvidia Left Off? Acquisition Rumor Sparks New Stock Surge | Nvidia vs. AMD: Which Stock Will Outperform The Market In 2026 | Nancy Pelosi’s stock trading crown threated by lawmaker’s eye-popping Nvidia jackpot,NEUTRAL,UP,NEUTRAL,NEUTRAL,False,False,False
NVDA,2026-03-20,UP,172.7,3.4626,Nebius Picking Up Where Nvidia Left Off? Acquisition Rumor Sparks New Stock Surge | Nvidia vs. AMD: Which Stock Will Outperform The Market In 2026 | Nancy Pelosi’s stock trading crown threated by lawmaker’s eye-popping Nvidia jackpot,NEUTRAL,UP,NEUTRAL,NEUTRAL,True,False,False
NVDA,2026-03-23,DOWN,175.64,-2.5051,Nebius Picking Up Where Nvidia Left Off? Acquisition Rumor Sparks New Stock Surge | Nvidia vs. AMD: Which Stock Will Outperform The Market In 2026 | Nancy Pelosi’s stock trading crown threated by lawmaker’s eye-popping Nvidia jackpot,NEUTRAL,UP,NEUTRAL,UP,False,False,False
NVDA,2026-03-24,DOWN,175.2,-4.3836,Nebius Picking Up Where Nvidia Left Off? Acquisition Rumor Sparks New Stock Surge | Nvidia vs. AMD: Which Stock Will Outperform The Market In 2026 | Nancy Pelosi’s stock trading crown threated by lawmaker’s eye-popping Nvidia jackpot,NEUTRAL,UP,NEUTRAL,UP,False,False,False
NVDA,2026-03-25,DOWN,178.68,-7.561,Nebius Picking Up Where Nvidia Left Off? Acquisition Rumor Sparks New Stock Surge | Nvidia vs. AMD: Which Stock Will Outperform The Market In 2026 | Nancy Pelosi’s stock trading crown threated by lawmaker’s eye-popping Nvidia jackpot,NEUTRAL,UP,NEUTRAL,UP,False,False,False
NVDA,2026-03-26,UP,171.24,1.8454,Nebius Picking Up Where Nvidia Left Off? Acquisition Rumor Sparks New Stock Surge | Nvidia vs. AMD: Which Stock Will Outperform The Market In 2026 | Nancy Pelosi’s stock trading crown threated by lawmaker’s eye-popping Nvidia jackpot,NEUTRAL,UP,NEUTRAL,UP,True,False,True
NVDA,2026-03-27,UP,167.52,4.9128,Nebius Picking Up Where Nvidia Left Off? Acquisition Rumor Sparks New Stock Surge | Nvidia vs. AMD: Which Stock Will Outperform The Market In 2026 | Nancy Pelosi’s stock trading crown threated by lawmaker’s eye-popping Nvidia jackpot,NEUTRAL,UP,NEUTRAL,UP,True,False,True
NVDA,2026-03-30,UP,165.17,7.3984,Nebius Picking Up Where Nvidia Left Off? Acquisition Rumor Sparks New Stock Surge | Nvidia vs. AMD: Which Stock Will Outperform The Market In 2026 | Nancy Pelosi’s stock trading crown threated by lawmaker’s eye-popping Nvidia jackpot,NEUTRAL,UP,NEUTRAL,NEUTRAL,True,False,False
NVDA,2026-03-31,UP,174.4,1.8578,Nebius Picking Up Where Nvidia Left Off? Acquisition Rumor Sparks New Stock Surge | Nvidia vs. AMD: Which Stock Will Outperform The Market In 2026 | Nancy Pelosi’s stock trading crown threated by lawmaker’s eye-popping Nvidia jackpot,NEUTRAL,UP,NEUTRAL,NEUTRAL,True,False,False
NVDA,2026-04-01,UP,175.75,1.3371,Nebius Picking Up Where Nvidia Left Off? Acquisition Rumor Sparks New Stock Surge | Nvidia vs. AMD: Which Stock Will Outperform The Market In 2026 | Nancy Pelosi’s stock trading crown threated by lawmaker’s eye-popping Nvidia jackpot,NEUTRAL,UP,NEUTRAL,UP,True,False,True
NVDA,2026-04-02,UP,177.39,2.6439,Nebius Picking Up Where Nvidia Left Off? Acquisition Rumor Sparks New Stock Surge | Nvidia vs. AMD: Which Stock Will Outperform The Market In 2026 | Nancy Pelosi’s stock trading crown threated by lawmaker’s eye-popping Nvidia jackpot,NEUTRAL,UP,NEUTRAL,UP,True,False,True
NVDA,2026-04-06,UP,177.64,3.5296,Nebius Picking Up Where Nvidia Left Off? Acquisition Rumor Sparks New Stock Surge | Nvidia vs. AMD: Which Stock Will Outperform The Market In 2026 | Nancy Pelosi’s stock trading crown threated by lawmaker’s eye-popping Nvidia jackpot,NEUTRAL,UP,NEUTRAL,UP,True,False,True
TSLA,2026-03-02,NEUTRAL,403.32,0.5529,"Down More Than 30% from All-Time Highs, Should You Buy the Tesla Stock Dip? | Intel Stock Hits Fresh 52-Week High at $62.34 as AI Partnerships Fuel Turnaround Momentum | MCW Securities Alert: Mister Car Wash Investigation Focuses on $7 Transaction Price – BFA Law Notifies Shareholders to Contact the Firm",NEUTRAL,NEUTRAL,NEUTRAL,DOWN,True,True,False
TSLA,2026-03-03,UP,392.43,1.0957,"Down More Than 30% from All-Time Highs, Should You Buy the Tesla Stock Dip? | Intel Stock Hits Fresh 52-Week High at $62.34 as AI Partnerships Fuel Turnaround Momentum | MCW Securities Alert: Mister Car Wash Investigation Focuses on $7 Transaction Price – BFA Law Notifies Shareholders to Contact the Firm",NEUTRAL,NEUTRAL,NEUTRAL,DOWN,False,False,False
TSLA,2026-03-04,DOWN,405.94,-1.7884,"Down More Than 30% from All-Time Highs, Should You Buy the Tesla Stock Dip? | Intel Stock Hits Fresh 52-Week High at $62.34 as AI Partnerships Fuel Turnaround Momentum | MCW Securities Alert: Mister Car Wash Investigation Focuses on $7 Transaction Price – BFA Law Notifies Shareholders to Contact the Firm",NEUTRAL,NEUTRAL,NEUTRAL,DOWN,False,False,True
TSLA,2026-03-05,DOWN,405.55,-1.5559,"Down More Than 30% from All-Time Highs, Should You Buy the Tesla Stock Dip? | Intel Stock Hits Fresh 52-Week High at $62.34 as AI Partnerships Fuel Turnaround Momentum | MCW Securities Alert: Mister Car Wash Investigation Focuses on $7 Transaction Price – BFA Law Notifies Shareholders to Contact the Firm",NEUTRAL,NEUTRAL,NEUTRAL,DOWN,False,False,True
TSLA,2026-03-06,UP,396.73,2.7954,"Down More Than 30% from All-Time Highs, Should You Buy the Tesla Stock Dip? | Intel Stock Hits Fresh 52-Week High at $62.34 as AI Partnerships Fuel Turnaround Momentum | MCW Securities Alert: Mister Car Wash Investigation Focuses on $7 Transaction Price – BFA Law Notifies Shareholders to Contact the Firm",NEUTRAL,NEUTRAL,NEUTRAL,DOWN,False,False,False
TSLA,2026-03-09,NEUTRAL,398.68,-0.9205,"Down More Than 30% from All-Time Highs, Should You Buy the Tesla Stock Dip? | Intel Stock Hits Fresh 52-Week High at $62.34 as AI Partnerships Fuel Turnaround Momentum | MCW Securities Alert: Mister Car Wash Investigation Focuses on $7 Transaction Price – BFA Law Notifies Shareholders to Contact the Firm",NEUTRAL,NEUTRAL,NEUTRAL,DOWN,True,True,False
TSLA,2026-03-10,DOWN,399.24,-2.0138,"Down More Than 30% from All-Time Highs, Should You Buy the Tesla Stock Dip? | Intel Stock Hits Fresh 52-Week High at $62.34 as AI Partnerships Fuel Turnaround Momentum | MCW Securities Alert: Mister Car Wash Investigation Focuses on $7 Transaction Price – BFA Law Notifies Shareholders to Contact the Firm",NEUTRAL,NEUTRAL,NEUTRAL,DOWN,False,False,True
TSLA,2026-03-11,DOWN,407.82,-3.0062,"Down More Than 30% from All-Time Highs, Should You Buy the Tesla Stock Dip? | Intel Stock Hits Fresh 52-Week High at $62.34 as AI Partnerships Fuel Turnaround Momentum | MCW Securities Alert: Mister Car Wash Investigation Focuses on $7 Transaction Price – BFA Law Notifies Shareholders to Contact the Firm",NEUTRAL,NEUTRAL,NEUTRAL,DOWN,False,False,True
TSLA,2026-03-12,UP,395.01,1.0784,"Down More Than 30% from All-Time Highs, Should You Buy the Tesla Stock Dip? | Intel Stock Hits Fresh 52-Week High at $62.34 as AI Partnerships Fuel Turnaround Momentum | MCW Securities Alert: Mister Car Wash Investigation Focuses on $7 Transaction Price – BFA Law Notifies Shareholders to Contact the Firm",NEUTRAL,NEUTRAL,NEUTRAL,DOWN,False,False,False
TSLA,2026-03-13,NEUTRAL,391.2,0.4039,"Down More Than 30% from All-Time Highs, Should You Buy the Tesla Stock Dip? | Intel Stock Hits Fresh 52-Week High at $62.34 as AI Partnerships Fuel Turnaround Momentum | MCW Securities Alert: Mister Car Wash Investigation Focuses on $7 Transaction Price – BFA Law Notifies Shareholders to Contact the Firm",NEUTRAL,NEUTRAL,NEUTRAL,DOWN,True,True,False
TSLA,2026-03-16,DOWN,395.56,-3.8578,"Down More Than 30% from All-Time Highs, Should You Buy the Tesla Stock Dip? | Intel Stock Hits Fresh 52-Week High at $62.34 as AI Partnerships Fuel Turnaround Momentum | MCW Securities Alert: Mister Car Wash Investigation Focuses on $7 Transaction Price – BFA Law Notifies Shareholders to Contact the Firm",NEUTRAL,NEUTRAL,NEUTRAL,DOWN,False,False,True
TSLA,2026-03-17,DOWN,399.27,-7.8418,"Down More Than 30% from All-Time Highs, Should You Buy the Tesla Stock Dip? | Intel Stock Hits Fresh 52-Week High at $62.34 as AI Partnerships Fuel Turnaround Momentum | MCW Securities Alert: Mister Car Wash Investigation Focuses on $7 Transaction Price – BFA Law Notifies Shareholders to Contact the Firm",NEUTRAL,NEUTRAL,NEUTRAL,DOWN,False,False,True
TSLA,2026-03-18,DOWN,392.78,-3.0373,"Down More Than 30% from All-Time Highs, Should You Buy the Tesla Stock Dip? | Intel Stock Hits Fresh 52-Week High at $62.34 as AI Partnerships Fuel Turnaround Momentum | MCW Securities Alert: Mister Car Wash Investigation Focuses on $7 Transaction Price – BFA Law Notifies Shareholders to Contact the Firm",NEUTRAL,NEUTRAL,NEUTRAL,DOWN,False,False,True
TSLA,2026-03-19,NEUTRAL,380.3,0.7179,"Down More Than 30% from All-Time Highs, Should You Buy the Tesla Stock Dip? | Intel Stock Hits Fresh 52-Week High at $62.34 as AI Partnerships Fuel Turnaround Momentum | MCW Securities Alert: Mister Car Wash Investigation Focuses on $7 Transaction Price – BFA Law Notifies Shareholders to Contact the Firm",NEUTRAL,NEUTRAL,NEUTRAL,DOWN,True,True,False
TSLA,2026-03-20,UP,367.96,4.8891,"Down More Than 30% from All-Time Highs, Should You Buy the Tesla Stock Dip? | Intel Stock Hits Fresh 52-Week High at $62.34 as AI Partnerships Fuel Turnaround Momentum | MCW Securities Alert: Mister Car Wash Investigation Focuses on $7 Transaction Price – BFA Law Notifies Shareholders to Contact the Firm",NEUTRAL,NEUTRAL,NEUTRAL,DOWN,False,False,False
TSLA,2026-03-23,DOWN,380.85,-2.2949,"Down More Than 30% from All-Time Highs, Should You Buy the Tesla Stock Dip? | Intel Stock Hits Fresh 52-Week High at $62.34 as AI Partnerships Fuel Turnaround Momentum | MCW Securities Alert: Mister Car Wash Investigation Focuses on $7 Transaction Price – BFA Law Notifies Shareholders to Contact the Firm",NEUTRAL,NEUTRAL,NEUTRAL,DOWN,False,False,True
TSLA,2026-03-24,DOWN,383.03,-5.5348,"Down More Than 30% from All-Time Highs, Should You Buy the Tesla Stock Dip? | Intel Stock Hits Fresh 52-Week High at $62.34 as AI Partnerships Fuel Turnaround Momentum | MCW Securities Alert: Mister Car Wash Investigation Focuses on $7 Transaction Price – BFA Law Notifies Shareholders to Contact the Firm",NEUTRAL,NEUTRAL,NEUTRAL,DOWN,False,False,True
TSLA,2026-03-25,DOWN,385.95,-7.9466,"Down More Than 30% from All-Time Highs, Should You Buy the Tesla Stock Dip? | Intel Stock Hits Fresh 52-Week High at $62.34 as AI Partnerships Fuel Turnaround Momentum | MCW Securities Alert: Mister Car Wash Investigation Focuses on $7 Transaction Price – BFA Law Notifies Shareholders to Contact the Firm",NEUTRAL,NEUTRAL,NEUTRAL,DOWN,False,False,True
TSLA,2026-03-26,NEUTRAL,372.11,-0.0967,"Down More Than 30% from All-Time Highs, Should You Buy the Tesla Stock Dip? | Intel Stock Hits Fresh 52-Week High at $62.34 as AI Partnerships Fuel Turnaround Momentum | MCW Securities Alert: Mister Car Wash Investigation Focuses on $7 Transaction Price – BFA Law Notifies Shareholders to Contact the Firm",NEUTRAL,NEUTRAL,NEUTRAL,DOWN,True,True,False
TSLA,2026-03-27,UP,361.83,5.3699,"Down More Than 30% from All-Time Highs, Should You Buy the Tesla Stock Dip? | Intel Stock Hits Fresh 52-Week High at $62.34 as AI Partnerships Fuel Turnaround Momentum | MCW Securities Alert: Mister Car Wash Investigation Focuses on $7 Transaction Price – BFA Law Notifies Shareholders to Contact the Firm",NEUTRAL,NEUTRAL,NEUTRAL,DOWN,False,False,False
TSLA,2026-03-30,UP,355.28,1.4946,"Down More Than 30% from All-Time Highs, Should You Buy the Tesla Stock Dip? | Intel Stock Hits Fresh 52-Week High at $62.34 as AI Partnerships Fuel Turnaround Momentum | MCW Securities Alert: Mister Car Wash Investigation Focuses on $7 Transaction Price – BFA Law Notifies Shareholders to Contact the Firm",NEUTRAL,NEUTRAL,NEUTRAL,DOWN,False,False,False
TSLA,2026-03-31,DOWN,371.75,-5.0921,"Down More Than 30% from All-Time Highs, Should You Buy the Tesla Stock Dip? | Intel Stock Hits Fresh 52-Week High at $62.34 as AI Partnerships Fuel Turnaround Momentum | MCW Securities Alert: Mister Car Wash Investigation Focuses on $7 Transaction Price – BFA Law Notifies Shareholders to Contact the Firm",NEUTRAL,NEUTRAL,NEUTRAL,DOWN,False,False,True
TSLA,2026-04-01,DOWN,381.26,-9.0778,"Down More Than 30% from All-Time Highs, Should You Buy the Tesla Stock Dip? | Intel Stock Hits Fresh 52-Week High at $62.34 as AI Partnerships Fuel Turnaround Momentum | MCW Securities Alert: Mister Car Wash Investigation Focuses on $7 Transaction Price – BFA Law Notifies Shareholders to Contact the Firm",NEUTRAL,NEUTRAL,NEUTRAL,DOWN,False,False,True
TSLA,2026-04-02,DOWN,360.59,-4.8088,"Down More Than 30% from All-Time Highs, Should You Buy the Tesla Stock Dip? | Intel Stock Hits Fresh 52-Week High at $62.34 as AI Partnerships Fuel Turnaround Momentum | MCW Securities Alert: Mister Car Wash Investigation Focuses on $7 Transaction Price – BFA Law Notifies Shareholders to Contact the Firm",NEUTRAL,NEUTRAL,NEUTRAL,DOWN,False,False,True
TSLA,2026-04-06,DOWN,352.82,-2.0407,"Down More Than 30% from All-Time Highs, Should You Buy the Tesla Stock Dip? | Intel Stock Hits Fresh 52-Week High at $62.34 as AI Partnerships Fuel Turnaround Momentum | MCW Securities Alert: Mister Car Wash Investigation Focuses on $7 Transaction Price – BFA Law Notifies Shareholders to Contact the Firm",NEUTRAL,NEUTRAL,NEUTRAL,DOWN,False,False,True
AMZN,2026-03-02,UP,208.39,5.0626,SpaceX could be the biggest IPO in history. Will investors see a return? | Amazon Has a Secret Weapon in AI That Makes the Stock a Screaming Buy | Flashback Friday: Top 10 Motorcycles of April '24,POSITIVE,NEUTRAL,UP,UP,False,True,True
AMZN,2026-03-03,UP,208.73,2.1463,SpaceX could be the biggest IPO in history. Will investors see a return? | Amazon Has a Secret Weapon in AI That Makes the Stock a Screaming Buy | Flashback Friday: Top 10 Motorcycles of April '24,POSITIVE,NEUTRAL,UP,UP,False,True,True
AMZN,2026-03-04,DOWN,216.82,-1.5358,SpaceX could be the biggest IPO in history. Will investors see a return? | Amazon Has a Secret Weapon in AI That Makes the Stock a Screaming Buy | Flashback Friday: Top 10 Motorcycles of April '24,POSITIVE,NEUTRAL,UP,UP,False,False,False
AMZN,2026-03-05,DOWN,218.94,-2.1056,SpaceX could be the biggest IPO in history. Will investors see a return? | Amazon Has a Secret Weapon in AI That Makes the Stock a Screaming Buy | Flashback Friday: Top 10 Motorcycles of April '24,POSITIVE,NEUTRAL,UP,UP,False,False,False
AMZN,2026-03-06,NEUTRAL,213.21,-0.2627,SpaceX could be the biggest IPO in history. Will investors see a return? | Amazon Has a Secret Weapon in AI That Makes the Stock a Screaming Buy | Flashback Friday: Top 10 Motorcycles of April '24,POSITIVE,NEUTRAL,UP,UP,True,False,False
AMZN,2026-03-09,DOWN,213.49,-1.8549,SpaceX could be the biggest IPO in history. Will investors see a return? | Amazon Has a Secret Weapon in AI That Makes the Stock a Screaming Buy | Flashback Friday: Top 10 Motorcycles of April '24,POSITIVE,NEUTRAL,UP,UP,False,False,False
AMZN,2026-03-10,DOWN,214.33,-3.1074,SpaceX could be the biggest IPO in history. Will investors see a return? | Amazon Has a Secret Weapon in AI That Makes the Stock a Screaming Buy | Flashback Friday: Top 10 Motorcycles of April '24,POSITIVE,NEUTRAL,UP,UP,False,False,False
AMZN,2026-03-11,NEUTRAL,212.65,-0.4279,SpaceX could be the biggest IPO in history. Will investors see a return? | Amazon Has a Secret Weapon in AI That Makes the Stock a Screaming Buy | Flashback Friday: Top 10 Motorcycles of April '24,POSITIVE,NEUTRAL,UP,UP,True,False,False
AMZN,2026-03-12,UP,209.53,2.7061,SpaceX could be the biggest IPO in history. Will investors see a return? | Amazon Has a Secret Weapon in AI That Makes the Stock a Screaming Buy | Flashback Friday: Top 10 Motorcycles of April '24,POSITIVE,NEUTRAL,UP,UP,False,True,True
AMZN,2026-03-13,UP,207.67,1.0594,SpaceX could be the biggest IPO in history. Will investors see a return? | Amazon Has a Secret Weapon in AI That Makes the Stock a Screaming Buy | Flashback Friday: Top 10 Motorcycles of April '24,POSITIVE,NEUTRAL,UP,UP,False,True,True
AMZN,2026-03-16,DOWN,211.74,-1.4074,SpaceX could be the biggest IPO in history. Will investors see a return? | Amazon Has a Secret Weapon in AI That Makes the Stock a Screaming Buy | Flashback Friday: Top 10 Motorcycles of April '24,POSITIVE,NEUTRAL,UP,UP,False,False,False
AMZN,2026-03-17,DOWN,215.2,-4.5678,SpaceX could be the biggest IPO in history. Will investors see a return? | Amazon Has a Secret Weapon in AI That Makes the Stock a Screaming Buy | Flashback Friday: Top 10 Motorcycles of April '24,POSITIVE,NEUTRAL,UP,UP,False,False,False
AMZN,2026-03-18,NEUTRAL,209.87,0.1287,SpaceX could be the biggest IPO in history. Will investors see a return? | Amazon Has a Secret Weapon in AI That Makes the Stock a Screaming Buy | Flashback Friday: Top 10 Motorcycles of April '24,POSITIVE,NEUTRAL,UP,UP,True,False,False
AMZN,2026-03-19,NEUTRAL,208.76,-0.7281,SpaceX could be the biggest IPO in history. Will investors see a return? | Amazon Has a Secret Weapon in AI That Makes the Stock a Screaming Buy | Flashback Friday: Top 10 Motorcycles of April '24,POSITIVE,NEUTRAL,UP,UP,True,False,False
AMZN,2026-03-20,UP,205.37,3.0871,SpaceX could be the biggest IPO in history. Will investors see a return? | Amazon Has a Secret Weapon in AI That Makes the Stock a Screaming Buy | Flashback Friday: Top 10 Motorcycles of April '24,POSITIVE,NEUTRAL,UP,UP,False,True,True
AMZN,2026-03-23,DOWN,210.14,-1.2373,SpaceX could be the biggest IPO in history. Will investors see a return? | Amazon Has a Secret Weapon in AI That Makes the Stock a Screaming Buy | Flashback Friday: Top 10 Motorcycles of April '24,POSITIVE,NEUTRAL,UP,UP,False,False,False
AMZN,2026-03-24,DOWN,207.24,-3.812,SpaceX could be the biggest IPO in history. Will investors see a return? | Amazon Has a Secret Weapon in AI That Makes the Stock a Screaming Buy | Flashback Friday: Top 10 Motorcycles of April '24,POSITIVE,NEUTRAL,UP,UP,False,False,False
AMZN,2026-03-25,DOWN,211.71,-5.0824,SpaceX could be the biggest IPO in history. Will investors see a return? | Amazon Has a Secret Weapon in AI That Makes the Stock a Screaming Buy | Flashback Friday: Top 10 Motorcycles of April '24,POSITIVE,NEUTRAL,UP,UP,False,False,False
AMZN,2026-03-26,NEUTRAL,207.54,0.3517,SpaceX could be the biggest IPO in history. Will investors see a return? | Amazon Has a Secret Weapon in AI That Makes the Stock a Screaming Buy | Flashback Friday: Top 10 Motorcycles of April '24,POSITIVE,NEUTRAL,UP,UP,True,False,False
AMZN,2026-03-27,UP,199.34,5.6336,SpaceX could be the biggest IPO in history. Will investors see a return? | Amazon Has a Secret Weapon in AI That Makes the Stock a Screaming Buy | Flashback Friday: Top 10 Motorcycles of April '24,POSITIVE,NEUTRAL,UP,UP,False,True,True
AMZN,2026-03-30,UP,200.95,4.3892,SpaceX could be the biggest IPO in history. Will investors see a return? | Amazon Has a Secret Weapon in AI That Makes the Stock a Screaming Buy | Flashback Friday: Top 10 Motorcycles of April '24,POSITIVE,NEUTRAL,UP,UP,False,True,True
AMZN,2026-03-31,UP,208.27,2.1703,SpaceX could be the biggest IPO in history. Will investors see a return? | Amazon Has a Secret Weapon in AI That Makes the Stock a Screaming Buy | Flashback Friday: Top 10 Motorcycles of April '24,POSITIVE,NEUTRAL,UP,UP,False,True,True
AMZN,2026-04-01,UP,210.57,1.5197,SpaceX could be the biggest IPO in history. Will investors see a return? | Amazon Has a Secret Weapon in AI That Makes the Stock a Screaming Buy | Flashback Friday: Top 10 Motorcycles of April '24,POSITIVE,NEUTRAL,UP,UP,False,True,True
AMZN,2026-04-02,UP,209.77,5.4727,SpaceX could be the biggest IPO in history. Will investors see a return? | Amazon Has a Secret Weapon in AI That Makes the Stock a Screaming Buy | Flashback Friday: Top 10 Motorcycles of April '24,POSITIVE,NEUTRAL,UP,UP,False,True,True
AMZN,2026-04-06,UP,212.79,9.8031,SpaceX could be the biggest IPO in history. Will investors see a return? | Amazon Has a Secret Weapon in AI That Makes the Stock a Screaming Buy | Flashback Friday: Top 10 Motorcycles of April '24,POSITIVE,NEUTRAL,UP,UP,False,True,True
META,2026-03-02,UP,653.0,1.0726,"Stock Market Today, April 9: CoreWeave Rises After Announcing $21 Billion AI Cloud Deal With Meta | Is Meta Platforms (META) The Most Undervalued AI Stock To Buy Now? | Nvidia vs. AMD: Which Stock Will Outperform The Market In 2026",POSITIVE,UP,UP,UP,True,True,True
META,2026-03-03,DOWN,654.52,-1.5601,"Stock Market Today, April 9: CoreWeave Rises After Announcing $21 Billion AI Cloud Deal With Meta | Is Meta Platforms (META) The Most Undervalued AI Stock To Buy Now? | Nvidia vs. AMD: Which Stock Will Outperform The Market In 2026",POSITIVE,UP,UP,UP,False,False,False
META,2026-03-04,DOWN,667.16,-3.0461,"Stock Market Today, April 9: CoreWeave Rises After Announcing $21 Billion AI Cloud Deal With Meta | Is Meta Platforms (META) The Most Undervalued AI Stock To Buy Now? | Nvidia vs. AMD: Which Stock Will Outperform The Market In 2026",POSITIVE,UP,UP,UP,False,False,False
META,2026-03-05,NEUTRAL,660.0,-0.984,"Stock Market Today, April 9: CoreWeave Rises After Announcing $21 Billion AI Cloud Deal With Meta | Is Meta Platforms (META) The Most Undervalued AI Stock To Buy Now? | Nvidia vs. AMD: Which Stock Will Outperform The Market In 2026",POSITIVE,UP,UP,UP,False,False,False
META,2026-03-06,UP,644.31,1.5507,"Stock Market Today, April 9: CoreWeave Rises After Announcing $21 Billion AI Cloud Deal With Meta | Is Meta Platforms (META) The Most Undervalued AI Stock To Buy Now? | Nvidia vs. AMD: Which Stock Will Outperform The Market In 2026",POSITIVE,UP,UP,UP,True,True,True
META,2026-03-09,DOWN,646.84,-1.4226,"Stock Market Today, April 9: CoreWeave Rises After Announcing $21 Billion AI Cloud Deal With Meta | Is Meta Platforms (META) The Most Undervalued AI Stock To Buy Now? | Nvidia vs. AMD: Which Stock Will Outperform The Market In 2026",POSITIVE,UP,UP,UP,False,False,False
META,2026-03-10,DOWN,653.51,-6.1706,"Stock Market Today, April 9: CoreWeave Rises After Announcing $21 Billion AI Cloud Deal With Meta | Is Meta Platforms (META) The Most Undervalued AI Stock To Buy Now? | Nvidia vs. AMD: Which Stock Will Outperform The Market In 2026",POSITIVE,UP,UP,UP,False,False,False
META,2026-03-11,DOWN,654.3,-4.1036,"Stock Market Today, April 9: CoreWeave Rises After Announcing $21 Billion AI Cloud Deal With Meta | Is Meta Platforms (META) The Most Undervalued AI Stock To Buy Now? | Nvidia vs. AMD: Which Stock Will Outperform The Market In 2026",POSITIVE,UP,UP,UP,False,False,False
META,2026-03-12,DOWN,637.63,-2.3484,"Stock Market Today, April 9: CoreWeave Rises After Announcing $21 Billion AI Cloud Deal With Meta | Is Meta Platforms (META) The Most Undervalued AI Stock To Buy Now? | Nvidia vs. AMD: Which Stock Will Outperform The Market In 2026",POSITIVE,NEUTRAL,UP,UP,False,False,False
META,2026-03-13,NEUTRAL,613.18,0.4069,"Stock Market Today, April 9: CoreWeave Rises After Announcing $21 Billion AI Cloud Deal With Meta | Is Meta Platforms (META) The Most Undervalued AI Stock To Buy Now? | Nvidia vs. AMD: Which Stock Will Outperform The Market In 2026",POSITIVE,NEUTRAL,UP,UP,True,False,False
META,2026-03-16,DOWN,627.45,-3.307,"Stock Market Today, April 9: CoreWeave Rises After Announcing $21 Billion AI Cloud Deal With Meta | Is Meta Platforms (META) The Most Undervalued AI Stock To Buy Now? | Nvidia vs. AMD: Which Stock Will Outperform The Market In 2026",POSITIVE,UP,UP,UP,False,False,False
META,2026-03-17,DOWN,622.66,-4.6574,"Stock Market Today, April 9: CoreWeave Rises After Announcing $21 Billion AI Cloud Deal With Meta | Is Meta Platforms (META) The Most Undervalued AI Stock To Buy Now? | Nvidia vs. AMD: Which Stock Will Outperform The Market In 2026",POSITIVE,NEUTRAL,UP,UP,False,False,False
META,2026-03-18,DOWN,615.68,-1.8873,"Stock Market Today, April 9: CoreWeave Rises After Announcing $21 Billion AI Cloud Deal With Meta | Is Meta Platforms (META) The Most Undervalued AI Stock To Buy Now? | Nvidia vs. AMD: Which Stock Will Outperform The Market In 2026",POSITIVE,UP,UP,UP,False,False,False
META,2026-03-19,DOWN,606.7,-2.2713,"Stock Market Today, April 9: CoreWeave Rises After Announcing $21 Billion AI Cloud Deal With Meta | Is Meta Platforms (META) The Most Undervalued AI Stock To Buy Now? | Nvidia vs. AMD: Which Stock Will Outperform The Market In 2026",POSITIVE,UP,UP,UP,False,False,False
META,2026-03-20,NEUTRAL,593.66,0.2072,"Stock Market Today, April 9: CoreWeave Rises After Announcing $21 Billion AI Cloud Deal With Meta | Is Meta Platforms (META) The Most Undervalued AI Stock To Buy Now? | Nvidia vs. AMD: Which Stock Will Outperform The Market In 2026",POSITIVE,NEUTRAL,UP,UP,True,False,False
META,2026-03-23,DOWN,604.06,-9.3567,"Stock Market Today, April 9: CoreWeave Rises After Announcing $21 Billion AI Cloud Deal With Meta | Is Meta Platforms (META) The Most Undervalued AI Stock To Buy Now? | Nvidia vs. AMD: Which Stock Will Outperform The Market In 2026",POSITIVE,UP,UP,UP,False,False,False
META,2026-03-24,DOWN,592.92,-11.3337,"Stock Market Today, April 9: CoreWeave Rises After Announcing $21 Billion AI Cloud Deal With Meta | Is Meta Platforms (META) The Most Undervalued AI Stock To Buy Now? | Nvidia vs. AMD: Which Stock Will Outperform The Market In 2026",POSITIVE,UP,UP,UP,False,False,False
META,2026-03-25,DOWN,594.89,-9.8354,"Stock Market Today, April 9: CoreWeave Rises After Announcing $21 Billion AI Cloud Deal With Meta | Is Meta Platforms (META) The Most Undervalued AI Stock To Buy Now? | Nvidia vs. AMD: Which Stock Will Outperform The Market In 2026",POSITIVE,UP,UP,UP,False,False,False
META,2026-03-26,UP,547.54,4.491,"Stock Market Today, April 9: CoreWeave Rises After Announcing $21 Billion AI Cloud Deal With Meta | Is Meta Platforms (META) The Most Undervalued AI Stock To Buy Now? | Nvidia vs. AMD: Which Stock Will Outperform The Market In 2026",POSITIVE,UP,UP,UP,True,True,True
META,2026-03-27,UP,525.72,10.1784,"Stock Market Today, April 9: CoreWeave Rises After Announcing $21 Billion AI Cloud Deal With Meta | Is Meta Platforms (META) The Most Undervalued AI Stock To Buy Now? | Nvidia vs. AMD: Which Stock Will Outperform The Market In 2026",POSITIVE,UP,UP,UP,True,True,True
META,2026-03-30,UP,536.38,7.0994,"Stock Market Today, April 9: CoreWeave Rises After Announcing $21 Billion AI Cloud Deal With Meta | Is Meta Platforms (META) The Most Undervalued AI Stock To Buy Now? | Nvidia vs. AMD: Which Stock Will Outperform The Market In 2026",POSITIVE,NEUTRAL,UP,UP,False,True,True
META,2026-03-31,NEUTRAL,572.13,0.1556,"Stock Market Today, April 9: CoreWeave Rises After Announcing $21 Billion AI Cloud Deal With Meta | Is Meta Platforms (META) The Most Undervalued AI Stock To Buy Now? | Nvidia vs. AMD: Which Stock Will Outperform The Market In 2026",POSITIVE,UP,UP,UP,False,False,False
META,2026-04-01,NEUTRAL,579.23,-0.7216,"Stock Market Today, April 9: CoreWeave Rises After Announcing $21 Billion AI Cloud Deal With Meta | Is Meta Platforms (META) The Most Undervalued AI Stock To Buy Now? | Nvidia vs. AMD: Which Stock Will Outperform The Market In 2026",POSITIVE,UP,UP,UP,False,False,False
META,2026-04-02,UP,574.46,6.6079,"Stock Market Today, April 9: CoreWeave Rises After Announcing $21 Billion AI Cloud Deal With Meta | Is Meta Platforms (META) The Most Undervalued AI Stock To Buy Now? | Nvidia vs. AMD: Which Stock Will Outperform The Market In 2026",POSITIVE,NEUTRAL,UP,UP,False,True,True
META,2026-04-06,UP,573.02,9.6628,"Stock Market Today, April 9: CoreWeave Rises After Announcing $21 Billion AI Cloud Deal With Meta | Is Meta Platforms (META) The Most Undervalued AI Stock To Buy Now? | Nvidia vs. AMD: Which Stock Will Outperform The Market In 2026",POSITIVE,NEUTRAL,UP,UP,False,True,True
JPM,2026-03-02,DOWN,296.04,-1.3476,"JPMorgan Chase & Co. (JPM) – Among the 13 Bank Stocks with Highest Dividends | Sun Pharma shares tumble 4% as firm closes in on $12-billion Organon acquisition. What’s spooking investors? | Groww shares hit all-time high, jump 18% in just 3 sessions! What’s driving the surge?",POSITIVE,NEUTRAL,UP,UP,False,False,False
JPM,2026-03-03,DOWN,298.73,-3.5902,"JPMorgan Chase & Co. (JPM) – Among the 13 Bank Stocks with Highest Dividends | Sun Pharma shares tumble 4% as firm closes in on $12-billion Organon acquisition. What’s spooking investors? | Groww shares hit all-time high, jump 18% in just 3 sessions! What’s driving the surge?",POSITIVE,NEUTRAL,UP,UP,False,False,False
JPM,2026-03-04,DOWN,297.87,-3.1631,"JPMorgan Chase & Co. (JPM) – Among the 13 Bank Stocks with Highest Dividends | Sun Pharma shares tumble 4% as firm closes in on $12-billion Organon acquisition. What’s spooking investors? | Groww shares hit all-time high, jump 18% in just 3 sessions! What’s driving the surge?",POSITIVE,NEUTRAL,UP,UP,False,False,False
JPM,2026-03-05,DOWN,292.06,-1.642,"JPMorgan Chase & Co. (JPM) – Among the 13 Bank Stocks with Highest Dividends | Sun Pharma shares tumble 4% as firm closes in on $12-billion Organon acquisition. What’s spooking investors? | Groww shares hit all-time high, jump 18% in just 3 sessions! What’s driving the surge?",POSITIVE,NEUTRAL,UP,UP,False,False,False
JPM,2026-03-06,NEUTRAL,288.01,-0.6771,"JPMorgan Chase & Co. (JPM) – Among the 13 Bank Stocks with Highest Dividends | Sun Pharma shares tumble 4% as firm closes in on $12-billion Organon acquisition. What’s spooking investors? | Groww shares hit all-time high, jump 18% in just 3 sessions! What’s driving the surge?",POSITIVE,NEUTRAL,UP,UP,True,False,False
JPM,2026-03-09,DOWN,288.44,-2.4248,"JPMorgan Chase & Co. (JPM) – Among the 13 Bank Stocks with Highest Dividends | Sun Pharma shares tumble 4% as firm closes in on $12-billion Organon acquisition. What’s spooking investors? | Groww shares hit all-time high, jump 18% in just 3 sessions! What’s driving the surge?",POSITIVE,NEUTRAL,UP,UP,False,False,False
JPM,2026-03-10,DOWN,287.26,-1.8322,"JPMorgan Chase & Co. (JPM) – Among the 13 Bank Stocks with Highest Dividends | Sun Pharma shares tumble 4% as firm closes in on $12-billion Organon acquisition. What’s spooking investors? | Groww shares hit all-time high, jump 18% in just 3 sessions! What’s driving the surge?",POSITIVE,NEUTRAL,UP,UP,False,False,False
JPM,2026-03-11,NEUTRAL,286.06,-0.473,"JPMorgan Chase & Co. (JPM) – Among the 13 Bank Stocks with Highest Dividends | Sun Pharma shares tumble 4% as firm closes in on $12-billion Organon acquisition. What’s spooking investors? | Groww shares hit all-time high, jump 18% in just 3 sessions! What’s driving the surge?",POSITIVE,NEUTRAL,UP,UP,True,False,False
JPM,2026-03-12,UP,281.45,1.414,"JPMorgan Chase & Co. (JPM) – Among the 13 Bank Stocks with Highest Dividends | Sun Pharma shares tumble 4% as firm closes in on $12-billion Organon acquisition. What’s spooking investors? | Groww shares hit all-time high, jump 18% in just 3 sessions! What’s driving the surge?",POSITIVE,NEUTRAL,UP,UP,False,True,True
JPM,2026-03-13,UP,282.0,1.5171,"JPMorgan Chase & Co. (JPM) – Among the 13 Bank Stocks with Highest Dividends | Sun Pharma shares tumble 4% as firm closes in on $12-billion Organon acquisition. What’s spooking investors? | Groww shares hit all-time high, jump 18% in just 3 sessions! What’s driving the surge?",POSITIVE,NEUTRAL,UP,UP,False,True,True
JPM,2026-03-16,NEUTRAL,284.7,0.6325,"JPMorgan Chase & Co. (JPM) – Among the 13 Bank Stocks with Highest Dividends | Sun Pharma shares tumble 4% as firm closes in on $12-billion Organon acquisition. What’s spooking investors? | Groww shares hit all-time high, jump 18% in just 3 sessions! What’s driving the surge?",POSITIVE,NEUTRAL,UP,UP,True,False,False
JPM,2026-03-17,NEUTRAL,285.43,-0.115,"JPMorgan Chase & Co. (JPM) – Among the 13 Bank Stocks with Highest Dividends | Sun Pharma shares tumble 4% as firm closes in on $12-billion Organon acquisition. What’s spooking investors? | Groww shares hit all-time high, jump 18% in just 3 sessions! What’s driving the surge?",POSITIVE,NEUTRAL,UP,UP,True,False,False
JPM,2026-03-18,NEUTRAL,286.27,0.7542,"JPMorgan Chase & Co. (JPM) – Among the 13 Bank Stocks with Highest Dividends | Sun Pharma shares tumble 4% as firm closes in on $12-billion Organon acquisition. What’s spooking investors? | Groww shares hit all-time high, jump 18% in just 3 sessions! What’s driving the surge?",POSITIVE,NEUTRAL,UP,UP,True,False,False
JPM,2026-03-19,UP,286.5,1.5384,"JPMorgan Chase & Co. (JPM) – Among the 13 Bank Stocks with Highest Dividends | Sun Pharma shares tumble 4% as firm closes in on $12-billion Organon acquisition. What’s spooking investors? | Groww shares hit all-time high, jump 18% in just 3 sessions! What’s driving the surge?",POSITIVE,NEUTRAL,UP,UP,False,True,True
JPM,2026-03-20,UP,285.1,3.0919,"JPMorgan Chase & Co. (JPM) – Among the 13 Bank Stocks with Highest Dividends | Sun Pharma shares tumble 4% as firm closes in on $12-billion Organon acquisition. What’s spooking investors? | Groww shares hit all-time high, jump 18% in just 3 sessions! What’s driving the surge?",POSITIVE,NEUTRAL,UP,UP,False,True,True
JPM,2026-03-23,NEUTRAL,288.43,0.6036,"JPMorgan Chase & Co. (JPM) – Among the 13 Bank Stocks with Highest Dividends | Sun Pharma shares tumble 4% as firm closes in on $12-billion Organon acquisition. What’s spooking investors? | Groww shares hit all-time high, jump 18% in just 3 sessions! What’s driving the surge?",POSITIVE,NEUTRAL,UP,UP,True,False,False
JPM,2026-03-24,DOWN,290.91,-3.2695,"JPMorgan Chase & Co. (JPM) – Among the 13 Bank Stocks with Highest Dividends | Sun Pharma shares tumble 4% as firm closes in on $12-billion Organon acquisition. What’s spooking investors? | Groww shares hit all-time high, jump 18% in just 3 sessions! What’s driving the surge?",POSITIVE,NEUTRAL,UP,UP,False,False,False
JPM,2026-03-25,DOWN,293.92,-3.9435,"JPMorgan Chase & Co. (JPM) – Among the 13 Bank Stocks with Highest Dividends | Sun Pharma shares tumble 4% as firm closes in on $12-billion Organon acquisition. What’s spooking investors? | Groww shares hit all-time high, jump 18% in just 3 sessions! What’s driving the surge?",POSITIVE,NEUTRAL,UP,UP,False,False,False
JPM,2026-03-26,NEUTRAL,290.17,0.8572,"JPMorgan Chase & Co. (JPM) – Among the 13 Bank Stocks with Highest Dividends | Sun Pharma shares tumble 4% as firm closes in on $12-billion Organon acquisition. What’s spooking investors? | Groww shares hit all-time high, jump 18% in just 3 sessions! What’s driving the surge?",POSITIVE,NEUTRAL,UP,UP,True,False,False
JPM,2026-03-27,UP,281.4,4.4336,"JPMorgan Chase & Co. (JPM) – Among the 13 Bank Stocks with Highest Dividends | Sun Pharma shares tumble 4% as firm closes in on $12-billion Organon acquisition. What’s spooking investors? | Groww shares hit all-time high, jump 18% in just 3 sessions! What’s driving the surge?",POSITIVE,NEUTRAL,UP,UP,False,True,True
JPM,2026-03-30,UP,282.33,3.8165,"JPMorgan Chase & Co. (JPM) – Among the 13 Bank Stocks with Highest Dividends | Sun Pharma shares tumble 4% as firm closes in on $12-billion Organon acquisition. What’s spooking investors? | Groww shares hit all-time high, jump 18% in just 3 sessions! What’s driving the surge?",POSITIVE,NEUTRAL,UP,UP,False,True,True
JPM,2026-03-31,NEUTRAL,292.66,0.9526,"JPMorgan Chase & Co. (JPM) – Among the 13 Bank Stocks with Highest Dividends | Sun Pharma shares tumble 4% as firm closes in on $12-billion Organon acquisition. What’s spooking investors? | Groww shares hit all-time high, jump 18% in just 3 sessions! What’s driving the surge?",POSITIVE,NEUTRAL,UP,UP,True,False,False
JPM,2026-04-01,UP,293.88,1.1991,"JPMorgan Chase & Co. (JPM) – Among the 13 Bank Stocks with Highest Dividends | Sun Pharma shares tumble 4% as firm closes in on $12-billion Organon acquisition. What’s spooking investors? | Groww shares hit all-time high, jump 18% in just 3 sessions! What’s driving the surge?",POSITIVE,NEUTRAL,UP,UP,False,True,True
JPM,2026-04-02,UP,293.1,5.0734,"JPMorgan Chase & Co. (JPM) – Among the 13 Bank Stocks with Highest Dividends | Sun Pharma shares tumble 4% as firm closes in on $12-billion Organon acquisition. What’s spooking investors? | Groww shares hit all-time high, jump 18% in just 3 sessions! What’s driving the surge?",POSITIVE,NEUTRAL,UP,UP,False,True,True
JPM,2026-04-06,UP,295.45,5.0364,"JPMorgan Chase & Co. (JPM) – Among the 13 Bank Stocks with Highest Dividends | Sun Pharma shares tumble 4% as firm closes in on $12-billion Organon acquisition. What’s spooking investors? | Groww shares hit all-time high, jump 18% in just 3 sessions! What’s driving the surge?",POSITIVE,NEUTRAL,UP,UP,False,True,True
XOM,2026-03-02,DOWN,154.22,-2.2436,"Why ExxonMobil Stock Soared More Than 11% in March | 3 things investors learned from the market's latest TACO-trade bonanza | Oil, Geopolitics, and ExxonMobil: Here's Where the Stock Could Be in 12 Months",POSITIVE,NEUTRAL,UP,DOWN,False,False,True
XOM,2026-03-03,NEUTRAL,151.83,-0.4083,"Why ExxonMobil Stock Soared More Than 11% in March | 3 things investors learned from the market's latest TACO-trade bonanza | Oil, Geopolitics, and ExxonMobil: Here's Where the Stock Could Be in 12 Months",POSITIVE,NEUTRAL,UP,DOWN,True,False,False
XOM,2026-03-04,NEUTRAL,149.82,0.4138,"Why ExxonMobil Stock Soared More Than 11% in March | 3 things investors learned from the market's latest TACO-trade bonanza | Oil, Geopolitics, and ExxonMobil: Here's Where the Stock Could Be in 12 Months",POSITIVE,NEUTRAL,UP,DOWN,True,False,False
XOM,2026-03-05,DOWN,150.76,-1.7445,"Why ExxonMobil Stock Soared More Than 11% in March | 3 things investors learned from the market's latest TACO-trade bonanza | Oil, Geopolitics, and ExxonMobil: Here's Where the Stock Could Be in 12 Months",POSITIVE,NEUTRAL,UP,DOWN,False,False,True
XOM,2026-03-06,NEUTRAL,151.21,0.2447,"Why ExxonMobil Stock Soared More Than 11% in March | 3 things investors learned from the market's latest TACO-trade bonanza | Oil, Geopolitics, and ExxonMobil: Here's Where the Stock Could Be in 12 Months",POSITIVE,NEUTRAL,UP,DOWN,True,False,False
XOM,2026-03-09,UP,150.44,2.054,"Why ExxonMobil Stock Soared More Than 11% in March | 3 things investors learned from the market's latest TACO-trade bonanza | Oil, Geopolitics, and ExxonMobil: Here's Where the Stock Could Be in 12 Months",POSITIVE,NEUTRAL,UP,DOWN,False,True,False
XOM,2026-03-10,UP,148.13,5.3939,"Why ExxonMobil Stock Soared More Than 11% in March | 3 things investors learned from the market's latest TACO-trade bonanza | Oil, Geopolitics, and ExxonMobil: Here's Where the Stock Could Be in 12 Months",POSITIVE,NEUTRAL,UP,DOWN,False,True,False
XOM,2026-03-11,UP,151.58,3.7274,"Why ExxonMobil Stock Soared More Than 11% in March | 3 things investors learned from the market's latest TACO-trade bonanza | Oil, Geopolitics, and ExxonMobil: Here's Where the Stock Could Be in 12 Months",POSITIVE,NEUTRAL,UP,DOWN,False,True,False
XOM,2026-03-12,UP,153.53,3.4391,"Why ExxonMobil Stock Soared More Than 11% in March | 3 things investors learned from the market's latest TACO-trade bonanza | Oil, Geopolitics, and ExxonMobil: Here's Where the Stock Could Be in 12 Months",POSITIVE,NEUTRAL,UP,DOWN,False,True,False
XOM,2026-03-13,NEUTRAL,156.12,0.9416,"Why ExxonMobil Stock Soared More Than 11% in March | 3 things investors learned from the market's latest TACO-trade bonanza | Oil, Geopolitics, and ExxonMobil: Here's Where the Stock Could Be in 12 Months",POSITIVE,NEUTRAL,UP,DOWN,True,False,False
XOM,2026-03-16,NEUTRAL,157.23,0.5915,"Why ExxonMobil Stock Soared More Than 11% in March | 3 things investors learned from the market's latest TACO-trade bonanza | Oil, Geopolitics, and ExxonMobil: Here's Where the Stock Could Be in 12 Months",POSITIVE,NEUTRAL,UP,DOWN,True,False,False
XOM,2026-03-17,NEUTRAL,158.81,0.5415,"Why ExxonMobil Stock Soared More Than 11% in March | 3 things investors learned from the market's latest TACO-trade bonanza | Oil, Geopolitics, and ExxonMobil: Here's Where the Stock Could Be in 12 Months",POSITIVE,NEUTRAL,UP,DOWN,True,False,False
XOM,2026-03-18,UP,157.59,2.2463,"Why ExxonMobil Stock Soared More Than 11% in March | 3 things investors learned from the market's latest TACO-trade bonanza | Oil, Geopolitics, and ExxonMobil: Here's Where the Stock Could Be in 12 Months",POSITIVE,NEUTRAL,UP,DOWN,False,True,False
XOM,2026-03-19,UP,158.16,4.565,"Why ExxonMobil Stock Soared More Than 11% in March | 3 things investors learned from the market's latest TACO-trade bonanza | Oil, Geopolitics, and ExxonMobil: Here's Where the Stock Could Be in 12 Months",POSITIVE,NEUTRAL,UP,DOWN,False,True,False
XOM,2026-03-20,UP,159.67,2.2484,"Why ExxonMobil Stock Soared More Than 11% in March | 3 things investors learned from the market's latest TACO-trade bonanza | Oil, Geopolitics, and ExxonMobil: Here's Where the Stock Could Be in 12 Months",POSITIVE,NEUTRAL,UP,DOWN,False,True,False
XOM,2026-03-23,UP,161.13,2.6686,"Why ExxonMobil Stock Soared More Than 11% in March | 3 things investors learned from the market's latest TACO-trade bonanza | Oil, Geopolitics, and ExxonMobil: Here's Where the Stock Could Be in 12 Months",POSITIVE,NEUTRAL,UP,DOWN,False,True,False
XOM,2026-03-24,UP,165.38,3.3922,"Why ExxonMobil Stock Soared More Than 11% in March | 3 things investors learned from the market's latest TACO-trade bonanza | Oil, Geopolitics, and ExxonMobil: Here's Where the Stock Could Be in 12 Months",POSITIVE,NEUTRAL,UP,DOWN,False,True,False
XOM,2026-03-25,UP,163.26,5.0288,"Why ExxonMobil Stock Soared More Than 11% in March | 3 things investors learned from the market's latest TACO-trade bonanza | Oil, Geopolitics, and ExxonMobil: Here's Where the Stock Could Be in 12 Months",POSITIVE,NEUTRAL,UP,DOWN,False,True,False
XOM,2026-03-26,UP,165.43,2.557,"Why ExxonMobil Stock Soared More Than 11% in March | 3 things investors learned from the market's latest TACO-trade bonanza | Oil, Geopolitics, and ExxonMobil: Here's Where the Stock Could Be in 12 Months",POSITIVE,NEUTRAL,UP,DOWN,False,True,False
XOM,2026-03-27,DOWN,170.99,-5.9711,"Why ExxonMobil Stock Soared More Than 11% in March | 3 things investors learned from the market's latest TACO-trade bonanza | Oil, Geopolitics, and ExxonMobil: Here's Where the Stock Could Be in 12 Months",POSITIVE,NEUTRAL,UP,DOWN,False,False,True
XOM,2026-03-30,DOWN,171.47,-6.2868,"Why ExxonMobil Stock Soared More Than 11% in March | 3 things investors learned from the market's latest TACO-trade bonanza | Oil, Geopolitics, and ExxonMobil: Here's Where the Stock Could Be in 12 Months",POSITIVE,NEUTRAL,UP,DOWN,False,False,True
XOM,2026-03-31,DOWN,169.66,-3.7074,"Why ExxonMobil Stock Soared More Than 11% in March | 3 things investors learned from the market's latest TACO-trade bonanza | Oil, Geopolitics, and ExxonMobil: Here's Where the Stock Could Be in 12 Months",POSITIVE,NEUTRAL,UP,DOWN,False,False,True
XOM,2026-04-01,UP,160.78,1.9468,"Why ExxonMobil Stock Soared More Than 11% in March | 3 things investors learned from the market's latest TACO-trade bonanza | Oil, Geopolitics, and ExxonMobil: Here's Where the Stock Could Be in 12 Months",POSITIVE,NEUTRAL,UP,DOWN,False,True,False
XOM,2026-04-02,DOWN,160.69,-2.7818,"Why ExxonMobil Stock Soared More Than 11% in March | 3 things investors learned from the market's latest TACO-trade bonanza | Oil, Geopolitics, and ExxonMobil: Here's Where the Stock Could Be in 12 Months",POSITIVE,NEUTRAL,UP,DOWN,False,False,True
XOM,2026-04-06,DOWN,163.37,-5.0989,"Why ExxonMobil Stock Soared More Than 11% in March | 3 things investors learned from the market's latest TACO-trade bonanza | Oil, Geopolitics, and ExxonMobil: Here's Where the Stock Could Be in 12 Months",POSITIVE,NEUTRAL,UP,NEUTRAL,False,False,False
WMT,2026-03-02,DOWN,126.84,-2.9819,"Jim Cramer Makes Major Prediction For Walmart (WMT) Stock | Iran ceasefire, Delta earnings, the Navy's retail woes and more in Morning Squawk | The world's 20 richest people are $90 billion wealthier after the US-Iran ceasefire sparked a big stock rally",NEUTRAL,NEUTRAL,NEUTRAL,UP,False,False,False
WMT,2026-03-03,DOWN,127.65,-3.2132,"Jim Cramer Makes Major Prediction For Walmart (WMT) Stock | Iran ceasefire, Delta earnings, the Navy's retail woes and more in Morning Squawk | The world's 20 richest people are $90 billion wealthier after the US-Iran ceasefire sparked a big stock rally",NEUTRAL,NEUTRAL,NEUTRAL,UP,False,False,False
WMT,2026-03-04,DOWN,127.55,-2.715,"Jim Cramer Makes Major Prediction For Walmart (WMT) Stock | Iran ceasefire, Delta earnings, the Navy's retail woes and more in Morning Squawk | The world's 20 richest people are $90 billion wealthier after the US-Iran ceasefire sparked a big stock rally",NEUTRAL,NEUTRAL,NEUTRAL,UP,False,False,False
WMT,2026-03-05,UP,123.06,1.4678,"Jim Cramer Makes Major Prediction For Walmart (WMT) Stock | Iran ceasefire, Delta earnings, the Navy's retail woes and more in Morning Squawk | The world's 20 richest people are $90 billion wealthier after the US-Iran ceasefire sparked a big stock rally",NEUTRAL,NEUTRAL,NEUTRAL,UP,False,False,True
WMT,2026-03-06,NEUTRAL,123.55,-0.2504,"Jim Cramer Makes Major Prediction For Walmart (WMT) Stock | Iran ceasefire, Delta earnings, the Navy's retail woes and more in Morning Squawk | The world's 20 richest people are $90 billion wealthier after the US-Iran ceasefire sparked a big stock rally",NEUTRAL,NEUTRAL,NEUTRAL,UP,True,True,False
WMT,2026-03-09,NEUTRAL,124.09,0.7962,"Jim Cramer Makes Major Prediction For Walmart (WMT) Stock | Iran ceasefire, Delta earnings, the Navy's retail woes and more in Morning Squawk | The world's 20 richest people are $90 billion wealthier after the US-Iran ceasefire sparked a big stock rally",NEUTRAL,NEUTRAL,NEUTRAL,UP,True,True,False
WMT,2026-03-10,UP,124.86,1.1189,"Jim Cramer Makes Major Prediction For Walmart (WMT) Stock | Iran ceasefire, Delta earnings, the Navy's retail woes and more in Morning Squawk | The world's 20 richest people are $90 billion wealthier after the US-Iran ceasefire sparked a big stock rally",NEUTRAL,NEUTRAL,NEUTRAL,UP,False,False,True
WMT,2026-03-11,UP,123.24,2.0245,"Jim Cramer Makes Major Prediction For Walmart (WMT) Stock | Iran ceasefire, Delta earnings, the Navy's retail woes and more in Morning Squawk | The world's 20 richest people are $90 billion wealthier after the US-Iran ceasefire sparked a big stock rally",NEUTRAL,NEUTRAL,NEUTRAL,UP,False,False,True
WMT,2026-03-12,NEUTRAL,125.07,-0.1995,"Jim Cramer Makes Major Prediction For Walmart (WMT) Stock | Iran ceasefire, Delta earnings, the Navy's retail woes and more in Morning Squawk | The world's 20 richest people are $90 billion wealthier after the US-Iran ceasefire sparked a big stock rally",NEUTRAL,NEUTRAL,NEUTRAL,UP,True,True,False
WMT,2026-03-13,DOWN,126.26,-3.5884,"Jim Cramer Makes Major Prediction For Walmart (WMT) Stock | Iran ceasefire, Delta earnings, the Navy's retail woes and more in Morning Squawk | The world's 20 richest people are $90 billion wealthier after the US-Iran ceasefire sparked a big stock rally",NEUTRAL,NEUTRAL,NEUTRAL,UP,False,False,False
WMT,2026-03-16,DOWN,125.73,-3.8892,"Jim Cramer Makes Major Prediction For Walmart (WMT) Stock | Iran ceasefire, Delta earnings, the Navy's retail woes and more in Morning Squawk | The world's 20 richest people are $90 billion wealthier after the US-Iran ceasefire sparked a big stock rally",NEUTRAL,NEUTRAL,NEUTRAL,UP,False,False,False
WMT,2026-03-17,DOWN,124.82,-4.6496,"Jim Cramer Makes Major Prediction For Walmart (WMT) Stock | Iran ceasefire, Delta earnings, the Navy's retail woes and more in Morning Squawk | The world's 20 richest people are $90 billion wealthier after the US-Iran ceasefire sparked a big stock rally",NEUTRAL,NEUTRAL,NEUTRAL,UP,False,False,False
WMT,2026-03-18,NEUTRAL,121.73,-0.8298,"Jim Cramer Makes Major Prediction For Walmart (WMT) Stock | Iran ceasefire, Delta earnings, the Navy's retail woes and more in Morning Squawk | The world's 20 richest people are $90 billion wealthier after the US-Iran ceasefire sparked a big stock rally",NEUTRAL,NEUTRAL,NEUTRAL,UP,True,True,False
WMT,2026-03-19,NEUTRAL,120.84,0.9997,"Jim Cramer Makes Major Prediction For Walmart (WMT) Stock | Iran ceasefire, Delta earnings, the Navy's retail woes and more in Morning Squawk | The world's 20 richest people are $90 billion wealthier after the US-Iran ceasefire sparked a big stock rally",NEUTRAL,NEUTRAL,NEUTRAL,UP,True,True,False
WMT,2026-03-20,UP,119.02,3.3944,"Jim Cramer Makes Major Prediction For Walmart (WMT) Stock | Iran ceasefire, Delta earnings, the Navy's retail woes and more in Morning Squawk | The world's 20 richest people are $90 billion wealthier after the US-Iran ceasefire sparked a big stock rally",NEUTRAL,NEUTRAL,NEUTRAL,UP,False,False,True
WMT,2026-03-23,UP,120.72,1.2094,"Jim Cramer Makes Major Prediction For Walmart (WMT) Stock | Iran ceasefire, Delta earnings, the Navy's retail woes and more in Morning Squawk | The world's 20 richest people are $90 billion wealthier after the US-Iran ceasefire sparked a big stock rally",NEUTRAL,NEUTRAL,NEUTRAL,UP,False,False,True
WMT,2026-03-24,NEUTRAL,122.05,0.6882,"Jim Cramer Makes Major Prediction For Walmart (WMT) Stock | Iran ceasefire, Delta earnings, the Navy's retail woes and more in Morning Squawk | The world's 20 richest people are $90 billion wealthier after the US-Iran ceasefire sparked a big stock rally",NEUTRAL,NEUTRAL,NEUTRAL,UP,True,True,False
WMT,2026-03-25,NEUTRAL,123.06,0.3576,"Jim Cramer Makes Major Prediction For Walmart (WMT) Stock | Iran ceasefire, Delta earnings, the Navy's retail woes and more in Morning Squawk | The world's 20 richest people are $90 billion wealthier after the US-Iran ceasefire sparked a big stock rally",NEUTRAL,NEUTRAL,NEUTRAL,UP,True,True,False
WMT,2026-03-26,UP,122.18,1.7188,"Jim Cramer Makes Major Prediction For Walmart (WMT) Stock | Iran ceasefire, Delta earnings, the Navy's retail woes and more in Morning Squawk | The world's 20 richest people are $90 billion wealthier after the US-Iran ceasefire sparked a big stock rally",NEUTRAL,NEUTRAL,NEUTRAL,UP,False,False,True
WMT,2026-03-27,UP,122.89,1.5054,"Jim Cramer Makes Major Prediction For Walmart (WMT) Stock | Iran ceasefire, Delta earnings, the Navy's retail woes and more in Morning Squawk | The world's 20 richest people are $90 billion wealthier after the US-Iran ceasefire sparked a big stock rally",NEUTRAL,NEUTRAL,NEUTRAL,UP,False,False,True
WMT,2026-03-30,UP,123.5,1.8543,"Jim Cramer Makes Major Prediction For Walmart (WMT) Stock | Iran ceasefire, Delta earnings, the Navy's retail woes and more in Morning Squawk | The world's 20 richest people are $90 billion wealthier after the US-Iran ceasefire sparked a big stock rally",NEUTRAL,NEUTRAL,NEUTRAL,UP,False,False,True
WMT,2026-03-31,UP,124.28,2.0196,"Jim Cramer Makes Major Prediction For Walmart (WMT) Stock | Iran ceasefire, Delta earnings, the Navy's retail woes and more in Morning Squawk | The world's 20 richest people are $90 billion wealthier after the US-Iran ceasefire sparked a big stock rally",NEUTRAL,NEUTRAL,NEUTRAL,UP,False,False,True
WMT,2026-04-01,DOWN,124.74,-1.8038,"Jim Cramer Makes Major Prediction For Walmart (WMT) Stock | Iran ceasefire, Delta earnings, the Navy's retail woes and more in Morning Squawk | The world's 20 richest people are $90 billion wealthier after the US-Iran ceasefire sparked a big stock rally",NEUTRAL,NEUTRAL,NEUTRAL,UP,False,False,False
WMT,2026-04-02,UP,125.79,1.1686,"Jim Cramer Makes Major Prediction For Walmart (WMT) Stock | Iran ceasefire, Delta earnings, the Navy's retail woes and more in Morning Squawk | The world's 20 richest people are $90 billion wealthier after the US-Iran ceasefire sparked a big stock rally",NEUTRAL,NEUTRAL,NEUTRAL,UP,False,False,True
WMT,2026-04-06,UP,126.79,1.8456,"Jim Cramer Makes Major Prediction For Walmart (WMT) Stock | Iran ceasefire, Delta earnings, the Navy's retail woes and more in Morning Squawk | The world's 20 richest people are $90 billion wealthier after the US-Iran ceasefire sparked a big stock rally",NEUTRAL,NEUTRAL,NEUTRAL,UP,False,False,True
GOOGL,2026-03-02,DOWN,306.3,-1.84,"Stock Market Today: S&P 500 and Nasdaq climb, Dow declines, with stocks on track to clinch best week of 2026 - MarketWatch | Intel Stock Hits Fresh 52-Week High at $62.34 as AI Partnerships Fuel Turnaround Momentum | Alphabet Stock Edges Higher as AI Momentum and Cloud Surge Offset Massive 2026 CapEx Concerns",POSITIVE,NEUTRAL,UP,UP,False,False,False
GOOGL,2026-03-03,DOWN,303.37,-1.6668,"Stock Market Today: S&P 500 and Nasdaq climb, Dow declines, with stocks on track to clinch best week of 2026 - MarketWatch | Intel Stock Hits Fresh 52-Week High at $62.34 as AI Partnerships Fuel Turnaround Momentum | Alphabet Stock Edges Higher as AI Momentum and Cloud Surge Offset Massive 2026 CapEx Concerns",POSITIVE,NEUTRAL,UP,UP,False,False,False
GOOGL,2026-03-04,UP,302.92,1.1367,"Stock Market Today: S&P 500 and Nasdaq climb, Dow declines, with stocks on track to clinch best week of 2026 - MarketWatch | Intel Stock Hits Fresh 52-Week High at $62.34 as AI Partnerships Fuel Turnaround Momentum | Alphabet Stock Edges Higher as AI Momentum and Cloud Surge Offset Massive 2026 CapEx Concerns",POSITIVE,NEUTRAL,UP,UP,False,True,True
GOOGL,2026-03-05,UP,300.67,2.1192,"Stock Market Today: S&P 500 and Nasdaq climb, Dow declines, with stocks on track to clinch best week of 2026 - MarketWatch | Intel Stock Hits Fresh 52-Week High at $62.34 as AI Partnerships Fuel Turnaround Momentum | Alphabet Stock Edges Higher as AI Momentum and Cloud Surge Offset Massive 2026 CapEx Concerns",POSITIVE,NEUTRAL,UP,UP,False,True,True
GOOGL,2026-03-06,UP,298.31,3.483,"Stock Market Today: S&P 500 and Nasdaq climb, Dow declines, with stocks on track to clinch best week of 2026 - MarketWatch | Intel Stock Hits Fresh 52-Week High at $62.34 as AI Partnerships Fuel Turnaround Momentum | Alphabet Stock Edges Higher as AI Momentum and Cloud Surge Offset Massive 2026 CapEx Concerns",NEUTRAL,NEUTRAL,UP,UP,False,True,True
GOOGL,2026-03-09,NEUTRAL,306.36,-0.9172,"Stock Market Today: S&P 500 and Nasdaq climb, Dow declines, with stocks on track to clinch best week of 2026 - MarketWatch | Intel Stock Hits Fresh 52-Week High at $62.34 as AI Partnerships Fuel Turnaround Momentum | Alphabet Stock Edges Higher as AI Momentum and Cloud Surge Offset Massive 2026 CapEx Concerns",POSITIVE,NEUTRAL,UP,UP,True,False,False
GOOGL,2026-03-10,DOWN,307.04,-1.5503,"Stock Market Today: S&P 500 and Nasdaq climb, Dow declines, with stocks on track to clinch best week of 2026 - MarketWatch | Intel Stock Hits Fresh 52-Week High at $62.34 as AI Partnerships Fuel Turnaround Momentum | Alphabet Stock Edges Higher as AI Momentum and Cloud Surge Offset Massive 2026 CapEx Concerns",POSITIVE,NEUTRAL,UP,UP,False,False,False
GOOGL,2026-03-11,DOWN,308.7,-1.0172,"Stock Market Today: S&P 500 and Nasdaq climb, Dow declines, with stocks on track to clinch best week of 2026 - MarketWatch | Intel Stock Hits Fresh 52-Week High at $62.34 as AI Partnerships Fuel Turnaround Momentum | Alphabet Stock Edges Higher as AI Momentum and Cloud Surge Offset Massive 2026 CapEx Concerns",POSITIVE,NEUTRAL,UP,UP,False,False,False
GOOGL,2026-03-12,UP,303.55,2.4279,"Stock Market Today: S&P 500 and Nasdaq climb, Dow declines, with stocks on track to clinch best week of 2026 - MarketWatch | Intel Stock Hits Fresh 52-Week High at $62.34 as AI Partnerships Fuel Turnaround Momentum | Alphabet Stock Edges Higher as AI Momentum and Cloud Surge Offset Massive 2026 CapEx Concerns",POSITIVE,NEUTRAL,UP,UP,False,True,True
GOOGL,2026-03-13,UP,302.28,1.7897,"Stock Market Today: S&P 500 and Nasdaq climb, Dow declines, with stocks on track to clinch best week of 2026 - MarketWatch | Intel Stock Hits Fresh 52-Week High at $62.34 as AI Partnerships Fuel Turnaround Momentum | Alphabet Stock Edges Higher as AI Momentum and Cloud Surge Offset Massive 2026 CapEx Concerns",POSITIVE,NEUTRAL,UP,UP,False,True,True
GOOGL,2026-03-16,NEUTRAL,305.56,0.5138,"Stock Market Today: S&P 500 and Nasdaq climb, Dow declines, with stocks on track to clinch best week of 2026 - MarketWatch | Intel Stock Hits Fresh 52-Week High at $62.34 as AI Partnerships Fuel Turnaround Momentum | Alphabet Stock Edges Higher as AI Momentum and Cloud Surge Offset Massive 2026 CapEx Concerns",POSITIVE,NEUTRAL,UP,UP,True,False,False
GOOGL,2026-03-17,DOWN,310.92,-3.1905,"Stock Market Today: S&P 500 and Nasdaq climb, Dow declines, with stocks on track to clinch best week of 2026 - MarketWatch | Intel Stock Hits Fresh 52-Week High at $62.34 as AI Partnerships Fuel Turnaround Momentum | Alphabet Stock Edges Higher as AI Momentum and Cloud Surge Offset Massive 2026 CapEx Concerns",POSITIVE,NEUTRAL,UP,UP,False,False,False
GOOGL,2026-03-18,DOWN,307.69,-1.8298,"Stock Market Today: S&P 500 and Nasdaq climb, Dow declines, with stocks on track to clinch best week of 2026 - MarketWatch | Intel Stock Hits Fresh 52-Week High at $62.34 as AI Partnerships Fuel Turnaround Momentum | Alphabet Stock Edges Higher as AI Momentum and Cloud Surge Offset Massive 2026 CapEx Concerns",POSITIVE,NEUTRAL,UP,UP,False,False,False
GOOGL,2026-03-19,DOWN,307.13,-5.4342,"Stock Market Today: S&P 500 and Nasdaq climb, Dow declines, with stocks on track to clinch best week of 2026 - MarketWatch | Intel Stock Hits Fresh 52-Week High at $62.34 as AI Partnerships Fuel Turnaround Momentum | Alphabet Stock Edges Higher as AI Momentum and Cloud Surge Offset Massive 2026 CapEx Concerns",POSITIVE,NEUTRAL,UP,UP,False,False,False
GOOGL,2026-03-20,DOWN,301.0,-3.3455,"Stock Market Today: S&P 500 and Nasdaq climb, Dow declines, with stocks on track to clinch best week of 2026 - MarketWatch | Intel Stock Hits Fresh 52-Week High at $62.34 as AI Partnerships Fuel Turnaround Momentum | Alphabet Stock Edges Higher as AI Momentum and Cloud Surge Offset Massive 2026 CapEx Concerns",POSITIVE,NEUTRAL,UP,UP,False,False,False
GOOGL,2026-03-23,DOWN,302.06,-6.9986,"Stock Market Today: S&P 500 and Nasdaq climb, Dow declines, with stocks on track to clinch best week of 2026 - MarketWatch | Intel Stock Hits Fresh 52-Week High at $62.34 as AI Partnerships Fuel Turnaround Momentum | Alphabet Stock Edges Higher as AI Momentum and Cloud Surge Offset Massive 2026 CapEx Concerns",POSITIVE,NEUTRAL,UP,UP,False,False,False
GOOGL,2026-03-24,DOWN,290.44,-5.5433,"Stock Market Today: S&P 500 and Nasdaq climb, Dow declines, with stocks on track to clinch best week of 2026 - MarketWatch | Intel Stock Hits Fresh 52-Week High at $62.34 as AI Partnerships Fuel Turnaround Momentum | Alphabet Stock Edges Higher as AI Momentum and Cloud Surge Offset Massive 2026 CapEx Concerns",POSITIVE,NEUTRAL,UP,UP,False,False,False
GOOGL,2026-03-25,DOWN,290.93,-5.9911,"Stock Market Today: S&P 500 and Nasdaq climb, Dow declines, with stocks on track to clinch best week of 2026 - MarketWatch | Intel Stock Hits Fresh 52-Week High at $62.34 as AI Partnerships Fuel Turnaround Momentum | Alphabet Stock Edges Higher as AI Momentum and Cloud Surge Offset Massive 2026 CapEx Concerns",POSITIVE,NEUTRAL,UP,UP,False,False,False
GOOGL,2026-03-26,UP,280.92,2.3637,"Stock Market Today: S&P 500 and Nasdaq climb, Dow declines, with stocks on track to clinch best week of 2026 - MarketWatch | Intel Stock Hits Fresh 52-Week High at $62.34 as AI Partnerships Fuel Turnaround Momentum | Alphabet Stock Edges Higher as AI Momentum and Cloud Surge Offset Massive 2026 CapEx Concerns",POSITIVE,NEUTRAL,UP,UP,False,True,True
GOOGL,2026-03-27,UP,274.34,8.402,"Stock Market Today: S&P 500 and Nasdaq climb, Dow declines, with stocks on track to clinch best week of 2026 - MarketWatch | Intel Stock Hits Fresh 52-Week High at $62.34 as AI Partnerships Fuel Turnaround Momentum | Alphabet Stock Edges Higher as AI Momentum and Cloud Surge Offset Massive 2026 CapEx Concerns",POSITIVE,NEUTRAL,UP,UP,False,True,True
GOOGL,2026-03-30,UP,273.5,8.1426,"Stock Market Today: S&P 500 and Nasdaq climb, Dow declines, with stocks on track to clinch best week of 2026 - MarketWatch | Intel Stock Hits Fresh 52-Week High at $62.34 as AI Partnerships Fuel Turnaround Momentum | Alphabet Stock Edges Higher as AI Momentum and Cloud Surge Offset Massive 2026 CapEx Concerns",POSITIVE,NEUTRAL,UP,UP,False,True,True
GOOGL,2026-03-31,UP,287.56,4.3226,"Stock Market Today: S&P 500 and Nasdaq climb, Dow declines, with stocks on track to clinch best week of 2026 - MarketWatch | Intel Stock Hits Fresh 52-Week High at $62.34 as AI Partnerships Fuel Turnaround Momentum | Alphabet Stock Edges Higher as AI Momentum and Cloud Surge Offset Massive 2026 CapEx Concerns",POSITIVE,NEUTRAL,UP,UP,False,True,True
GOOGL,2026-04-01,UP,297.39,2.7136,"Stock Market Today: S&P 500 and Nasdaq climb, Dow declines, with stocks on track to clinch best week of 2026 - MarketWatch | Intel Stock Hits Fresh 52-Week High at $62.34 as AI Partnerships Fuel Turnaround Momentum | Alphabet Stock Edges Higher as AI Momentum and Cloud Surge Offset Massive 2026 CapEx Concerns",NEUTRAL,NEUTRAL,UP,UP,False,True,True
GOOGL,2026-04-02,UP,295.77,7.2861,"Stock Market Today: S&P 500 and Nasdaq climb, Dow declines, with stocks on track to clinch best week of 2026 - MarketWatch | Intel Stock Hits Fresh 52-Week High at $62.34 as AI Partnerships Fuel Turnaround Momentum | Alphabet Stock Edges Higher as AI Momentum and Cloud Surge Offset Massive 2026 CapEx Concerns",POSITIVE,NEUTRAL,UP,UP,False,True,True
GOOGL,2026-04-06,UP,299.99,6.1669,"Stock Market Today: S&P 500 and Nasdaq climb, Dow declines, with stocks on track to clinch best week of 2026 - MarketWatch | Intel Stock Hits Fresh 52-Week High at $62.34 as AI Partnerships Fuel Turnaround Momentum | Alphabet Stock Edges Higher as AI Momentum and Cloud Surge Offset Massive 2026 CapEx Concerns",POSITIVE,NEUTRAL,UP,UP,False,True,True
